2026-06-23 18:55:03.423 [main] INFO  com.atguigu.lease.web.app.AppWebApplication-Starting AppWebApplication using Java 17.0.17 with PID 11700 (D:\java-project\xaingmu\lease\web\web-app\target\classes started by lenovo in D:\java-project\xaingmu\lease)
2026-06-23 18:55:03.425 [main] INFO  com.atguigu.lease.web.app.AppWebApplication-No active profile set, falling back to 1 default profile: "default"
2026-06-23 18:55:03.993 [main] INFO  o.s.d.r.config.RepositoryConfigurationDelegate-Multiple Spring Data modules found, entering strict repository configuration mode
2026-06-23 18:55:03.995 [main] INFO  o.s.d.r.config.RepositoryConfigurationDelegate-Bootstrapping Spring Data Redis repositories in DEFAULT mode.
2026-06-23 18:55:04.036 [main] INFO  o.s.d.r.config.RepositoryConfigurationDelegate-Finished Spring Data repository scanning in 25 ms. Found 0 Redis repository interfaces.
2026-06-23 18:55:04.115 [main] WARN  org.mybatis.spring.mapper.ClassPathMapperScanner-Skipping MapperFactoryBean with name 'apartmentFacilityMapper' and 'com.atguigu.lease.web.app.mapper.ApartmentFacilityMapper' mapperInterface. Bean already defined with the same name!
2026-06-23 18:55:04.116 [main] WARN  org.mybatis.spring.mapper.ClassPathMapperScanner-Skipping MapperFactoryBean with name 'apartmentFeeValueMapper' and 'com.atguigu.lease.web.app.mapper.ApartmentFeeValueMapper' mapperInterface. Bean already defined with the same name!
2026-06-23 18:55:04.116 [main] WARN  org.mybatis.spring.mapper.ClassPathMapperScanner-Skipping MapperFactoryBean with name 'apartmentInfoMapper' and 'com.atguigu.lease.web.app.mapper.ApartmentInfoMapper' mapperInterface. Bean already defined with the same name!
2026-06-23 18:55:04.116 [main] WARN  org.mybatis.spring.mapper.ClassPathMapperScanner-Skipping MapperFactoryBean with name 'apartmentLabelMapper' and 'com.atguigu.lease.web.app.mapper.ApartmentLabelMapper' mapperInterface. Bean already defined with the same name!
2026-06-23 18:55:04.116 [main] WARN  org.mybatis.spring.mapper.ClassPathMapperScanner-Skipping MapperFactoryBean with name 'attrKeyMapper' and 'com.atguigu.lease.web.app.mapper.AttrKeyMapper' mapperInterface. Bean already defined with the same name!
2026-06-23 18:55:04.116 [main] WARN  org.mybatis.spring.mapper.ClassPathMapperScanner-Skipping MapperFactoryBean with name 'attrValueMapper' and 'com.atguigu.lease.web.app.mapper.AttrValueMapper' mapperInterface. Bean already defined with the same name!
2026-06-23 18:55:04.116 [main] WARN  org.mybatis.spring.mapper.ClassPathMapperScanner-Skipping MapperFactoryBean with name 'browsingHistoryMapper' and 'com.atguigu.lease.web.app.mapper.BrowsingHistoryMapper' mapperInterface. Bean already defined with the same name!
2026-06-23 18:55:04.116 [main] WARN  org.mybatis.spring.mapper.ClassPathMapperScanner-Skipping MapperFactoryBean with name 'cityInfoMapper' and 'com.atguigu.lease.web.app.mapper.CityInfoMapper' mapperInterface. Bean already defined with the same name!
2026-06-23 18:55:04.116 [main] WARN  org.mybatis.spring.mapper.ClassPathMapperScanner-Skipping MapperFactoryBean with name 'districtInfoMapper' and 'com.atguigu.lease.web.app.mapper.DistrictInfoMapper' mapperInterface. Bean already defined with the same name!
2026-06-23 18:55:04.116 [main] WARN  org.mybatis.spring.mapper.ClassPathMapperScanner-Skipping MapperFactoryBean with name 'facilityInfoMapper' and 'com.atguigu.lease.web.app.mapper.FacilityInfoMapper' mapperInterface. Bean already defined with the same name!
2026-06-23 18:55:04.116 [main] WARN  org.mybatis.spring.mapper.ClassPathMapperScanner-Skipping MapperFactoryBean with name 'feeKeyMapper' and 'com.atguigu.lease.web.app.mapper.FeeKeyMapper' mapperInterface. Bean already defined with the same name!
2026-06-23 18:55:04.116 [main] WARN  org.mybatis.spring.mapper.ClassPathMapperScanner-Skipping MapperFactoryBean with name 'feeValueMapper' and 'com.atguigu.lease.web.app.mapper.FeeValueMapper' mapperInterface. Bean already defined with the same name!
2026-06-23 18:55:04.116 [main] WARN  org.mybatis.spring.mapper.ClassPathMapperScanner-Skipping MapperFactoryBean with name 'graphInfoMapper' and 'com.atguigu.lease.web.app.mapper.GraphInfoMapper' mapperInterface. Bean already defined with the same name!
2026-06-23 18:55:04.116 [main] WARN  org.mybatis.spring.mapper.ClassPathMapperScanner-Skipping MapperFactoryBean with name 'labelInfoMapper' and 'com.atguigu.lease.web.app.mapper.LabelInfoMapper' mapperInterface. Bean already defined with the same name!
2026-06-23 18:55:04.116 [main] WARN  org.mybatis.spring.mapper.ClassPathMapperScanner-Skipping MapperFactoryBean with name 'leaseAgreementMapper' and 'com.atguigu.lease.web.app.mapper.LeaseAgreementMapper' mapperInterface. Bean already defined with the same name!
2026-06-23 18:55:04.116 [main] WARN  org.mybatis.spring.mapper.ClassPathMapperScanner-Skipping MapperFactoryBean with name 'leaseTermMapper' and 'com.atguigu.lease.web.app.mapper.LeaseTermMapper' mapperInterface. Bean already defined with the same name!
2026-06-23 18:55:04.116 [main] WARN  org.mybatis.spring.mapper.ClassPathMapperScanner-Skipping MapperFactoryBean with name 'paymentTypeMapper' and 'com.atguigu.lease.web.app.mapper.PaymentTypeMapper' mapperInterface. Bean already defined with the same name!
2026-06-23 18:55:04.116 [main] WARN  org.mybatis.spring.mapper.ClassPathMapperScanner-Skipping MapperFactoryBean with name 'provinceInfoMapper' and 'com.atguigu.lease.web.app.mapper.ProvinceInfoMapper' mapperInterface. Bean already defined with the same name!
2026-06-23 18:55:04.116 [main] WARN  org.mybatis.spring.mapper.ClassPathMapperScanner-Skipping MapperFactoryBean with name 'roomAttrValueMapper' and 'com.atguigu.lease.web.app.mapper.RoomAttrValueMapper' mapperInterface. Bean already defined with the same name!
2026-06-23 18:55:04.116 [main] WARN  org.mybatis.spring.mapper.ClassPathMapperScanner-Skipping MapperFactoryBean with name 'roomFacilityMapper' and 'com.atguigu.lease.web.app.mapper.RoomFacilityMapper' mapperInterface. Bean already defined with the same name!
2026-06-23 18:55:04.116 [main] WARN  org.mybatis.spring.mapper.ClassPathMapperScanner-Skipping MapperFactoryBean with name 'roomInfoMapper' and 'com.atguigu.lease.web.app.mapper.RoomInfoMapper' mapperInterface. Bean already defined with the same name!
2026-06-23 18:55:04.116 [main] WARN  org.mybatis.spring.mapper.ClassPathMapperScanner-Skipping MapperFactoryBean with name 'roomLabelMapper' and 'com.atguigu.lease.web.app.mapper.RoomLabelMapper' mapperInterface. Bean already defined with the same name!
2026-06-23 18:55:04.117 [main] WARN  org.mybatis.spring.mapper.ClassPathMapperScanner-Skipping MapperFactoryBean with name 'roomLeaseTermMapper' and 'com.atguigu.lease.web.app.mapper.RoomLeaseTermMapper' mapperInterface. Bean already defined with the same name!
2026-06-23 18:55:04.117 [main] WARN  org.mybatis.spring.mapper.ClassPathMapperScanner-Skipping MapperFactoryBean with name 'roomPaymentTypeMapper' and 'com.atguigu.lease.web.app.mapper.RoomPaymentTypeMapper' mapperInterface. Bean already defined with the same name!
2026-06-23 18:55:04.118 [main] WARN  org.mybatis.spring.mapper.ClassPathMapperScanner-Skipping MapperFactoryBean with name 'userInfoMapper' and 'com.atguigu.lease.web.app.mapper.UserInfoMapper' mapperInterface. Bean already defined with the same name!
2026-06-23 18:55:04.119 [main] WARN  org.mybatis.spring.mapper.ClassPathMapperScanner-Skipping MapperFactoryBean with name 'viewAppointmentMapper' and 'com.atguigu.lease.web.app.mapper.ViewAppointmentMapper' mapperInterface. Bean already defined with the same name!
2026-06-23 18:55:04.119 [main] WARN  org.mybatis.spring.mapper.ClassPathMapperScanner-No MyBatis mapper was found in '[com.atguigu.lease.web.app.mapper]' package. Please check your configuration.
2026-06-23 18:55:04.482 [main] INFO  o.s.boot.web.embedded.tomcat.TomcatWebServer-Tomcat initialized with port(s): 8081 (http)
2026-06-23 18:55:04.489 [main] INFO  org.apache.coyote.http11.Http11NioProtocol-Initializing ProtocolHandler ["http-nio-8081"]
2026-06-23 18:55:04.489 [main] INFO  org.apache.catalina.core.StandardService-Starting service [Tomcat]
2026-06-23 18:55:04.490 [main] INFO  org.apache.catalina.core.StandardEngine-Starting Servlet engine: [Apache Tomcat/10.1.7]
2026-06-23 18:55:04.562 [main] INFO  o.a.c.core.ContainerBase.[Tomcat].[localhost].[/]-Initializing Spring embedded WebApplicationContext
2026-06-23 18:55:04.562 [main] INFO  o.s.b.w.s.c.ServletWebServerApplicationContext-Root WebApplicationContext: initialization completed in 1102 ms
2026-06-23 18:55:06.289 [main] INFO  org.apache.coyote.http11.Http11NioProtocol-Starting ProtocolHandler ["http-nio-8081"]
2026-06-23 18:55:06.308 [main] INFO  o.s.boot.web.embedded.tomcat.TomcatWebServer-Tomcat started on port(s): 8081 (http) with context path ''
2026-06-23 18:55:06.315 [main] INFO  com.atguigu.lease.web.app.AppWebApplication-Started AppWebApplication in 3.165 seconds (process running for 3.943)
2026-06-23 18:56:34.958 [main] INFO  com.atguigu.lease.web.app.AppWebApplication-Starting AppWebApplication using Java 17.0.17 with PID 5860 (D:\java-project\xaingmu\lease\web\web-app\target\classes started by lenovo in D:\java-project\xaingmu\lease)
2026-06-23 18:56:34.961 [main] INFO  com.atguigu.lease.web.app.AppWebApplication-No active profile set, falling back to 1 default profile: "default"
2026-06-23 18:56:35.731 [main] INFO  o.s.d.r.config.RepositoryConfigurationDelegate-Multiple Spring Data modules found, entering strict repository configuration mode
2026-06-23 18:56:35.733 [main] INFO  o.s.d.r.config.RepositoryConfigurationDelegate-Bootstrapping Spring Data Redis repositories in DEFAULT mode.
2026-06-23 18:56:35.768 [main] INFO  o.s.d.r.config.RepositoryConfigurationDelegate-Finished Spring Data repository scanning in 24 ms. Found 0 Redis repository interfaces.
2026-06-23 18:56:36.269 [main] INFO  o.s.boot.web.embedded.tomcat.TomcatWebServer-Tomcat initialized with port(s): 8081 (http)
2026-06-23 18:56:36.276 [main] INFO  org.apache.coyote.http11.Http11NioProtocol-Initializing ProtocolHandler ["http-nio-8081"]
2026-06-23 18:56:36.277 [main] INFO  org.apache.catalina.core.StandardService-Starting service [Tomcat]
2026-06-23 18:56:36.277 [main] INFO  org.apache.catalina.core.StandardEngine-Starting Servlet engine: [Apache Tomcat/10.1.7]
2026-06-23 18:56:36.351 [main] INFO  o.a.c.core.ContainerBase.[Tomcat].[localhost].[/]-Initializing Spring embedded WebApplicationContext
2026-06-23 18:56:36.351 [main] INFO  o.s.b.w.s.c.ServletWebServerApplicationContext-Root WebApplicationContext: initialization completed in 1351 ms
2026-06-23 18:56:38.163 [main] INFO  org.apache.coyote.http11.Http11NioProtocol-Starting ProtocolHandler ["http-nio-8081"]
2026-06-23 18:56:38.179 [main] INFO  o.s.boot.web.embedded.tomcat.TomcatWebServer-Tomcat started on port(s): 8081 (http) with context path ''
2026-06-23 18:56:38.185 [main] INFO  com.atguigu.lease.web.app.AppWebApplication-Started AppWebApplication in 3.535 seconds (process running for 4.214)
2026-06-23 18:57:44.080 [main] INFO  com.atguigu.lease.web.app.AppWebApplication-Starting AppWebApplication using Java 17.0.17 with PID 13808 (D:\java-project\xaingmu\lease\web\web-app\target\classes started by lenovo in D:\java-project\xaingmu\lease)
2026-06-23 18:57:44.082 [main] INFO  com.atguigu.lease.web.app.AppWebApplication-No active profile set, falling back to 1 default profile: "default"
2026-06-23 18:57:44.781 [main] INFO  o.s.d.r.config.RepositoryConfigurationDelegate-Multiple Spring Data modules found, entering strict repository configuration mode
2026-06-23 18:57:44.783 [main] INFO  o.s.d.r.config.RepositoryConfigurationDelegate-Bootstrapping Spring Data Redis repositories in DEFAULT mode.
2026-06-23 18:57:44.820 [main] INFO  o.s.d.r.config.RepositoryConfigurationDelegate-Finished Spring Data repository scanning in 29 ms. Found 0 Redis repository interfaces.
2026-06-23 18:57:45.213 [main] INFO  o.s.boot.web.embedded.tomcat.TomcatWebServer-Tomcat initialized with port(s): 8081 (http)
2026-06-23 18:57:45.219 [main] INFO  org.apache.coyote.http11.Http11NioProtocol-Initializing ProtocolHandler ["http-nio-8081"]
2026-06-23 18:57:45.220 [main] INFO  org.apache.catalina.core.StandardService-Starting service [Tomcat]
2026-06-23 18:57:45.220 [main] INFO  org.apache.catalina.core.StandardEngine-Starting Servlet engine: [Apache Tomcat/10.1.7]
2026-06-23 18:57:45.278 [main] INFO  o.a.c.core.ContainerBase.[Tomcat].[localhost].[/]-Initializing Spring embedded WebApplicationContext
2026-06-23 18:57:45.279 [main] INFO  o.s.b.w.s.c.ServletWebServerApplicationContext-Root WebApplicationContext: initialization completed in 1165 ms
2026-06-23 18:57:47.031 [main] INFO  o.s.b.actuate.endpoint.web.EndpointLinksResolver-Exposing 1 endpoint(s) beneath base path '/actuator'
2026-06-23 18:57:47.072 [main] INFO  org.apache.coyote.http11.Http11NioProtocol-Starting ProtocolHandler ["http-nio-8081"]
2026-06-23 18:57:47.087 [main] INFO  o.s.boot.web.embedded.tomcat.TomcatWebServer-Tomcat started on port(s): 8081 (http) with context path ''
2026-06-23 18:57:47.099 [main] INFO  com.atguigu.lease.web.app.AppWebApplication-Started AppWebApplication in 3.281 seconds (process running for 3.835)
2026-06-23 18:57:47.538 [RMI TCP Connection(2)-192.168.124.50] INFO  o.a.c.core.ContainerBase.[Tomcat].[localhost].[/]-Initializing Spring DispatcherServlet 'dispatcherServlet'
2026-06-23 18:57:47.538 [RMI TCP Connection(2)-192.168.124.50] INFO  org.springframework.web.servlet.DispatcherServlet-Initializing Servlet 'dispatcherServlet'
2026-06-23 18:57:47.539 [RMI TCP Connection(2)-192.168.124.50] INFO  org.springframework.web.servlet.DispatcherServlet-Completed initialization in 1 ms
2026-06-23 18:57:47.541 [RMI TCP Connection(1)-192.168.124.50] INFO  com.zaxxer.hikari.HikariDataSource-SPHHikariPool - Starting...
2026-06-23 18:58:09.656 [RMI TCP Connection(1)-192.168.124.50] ERROR com.zaxxer.hikari.pool.HikariPool-SPHHikariPool - Exception during pool initialization.
com.mysql.cj.jdbc.exceptions.CommunicationsException: Communications link failure

The last packet sent successfully to the server was 0 milliseconds ago. The driver has not received any packets from the server.
	at com.mysql.cj.jdbc.exceptions.SQLError.createCommunicationsException(SQLError.java:174)
	at com.mysql.cj.jdbc.exceptions.SQLExceptionsMapping.translateException(SQLExceptionsMapping.java:64)
	at com.mysql.cj.jdbc.ConnectionImpl.createNewIO(ConnectionImpl.java:824)
	at com.mysql.cj.jdbc.ConnectionImpl.<init>(ConnectionImpl.java:444)
	at com.mysql.cj.jdbc.ConnectionImpl.getInstance(ConnectionImpl.java:237)
	at com.mysql.cj.jdbc.NonRegisteringDriver.connect(NonRegisteringDriver.java:198)
	at com.zaxxer.hikari.util.DriverDataSource.getConnection(DriverDataSource.java:138)
	at com.zaxxer.hikari.pool.PoolBase.newConnection(PoolBase.java:359)
	at com.zaxxer.hikari.pool.PoolBase.newPoolEntry(PoolBase.java:201)
	at com.zaxxer.hikari.pool.HikariPool.createPoolEntry(HikariPool.java:470)
	at com.zaxxer.hikari.pool.HikariPool.checkFailFast(HikariPool.java:561)
	at com.zaxxer.hikari.pool.HikariPool.<init>(HikariPool.java:100)
	at com.zaxxer.hikari.HikariDataSource.getConnection(HikariDataSource.java:112)
	at org.springframework.jdbc.datasource.DataSourceUtils.fetchConnection(DataSourceUtils.java:159)
	at org.springframework.jdbc.datasource.DataSourceUtils.doGetConnection(DataSourceUtils.java:117)
	at org.springframework.jdbc.datasource.DataSourceUtils.getConnection(DataSourceUtils.java:80)
	at org.springframework.jdbc.core.JdbcTemplate.execute(JdbcTemplate.java:330)
	at org.springframework.boot.actuate.jdbc.DataSourceHealthIndicator.getProduct(DataSourceHealthIndicator.java:122)
	at org.springframework.boot.actuate.jdbc.DataSourceHealthIndicator.doDataSourceHealthCheck(DataSourceHealthIndicator.java:105)
	at org.springframework.boot.actuate.jdbc.DataSourceHealthIndicator.doHealthCheck(DataSourceHealthIndicator.java:100)
	at org.springframework.boot.actuate.health.AbstractHealthIndicator.health(AbstractHealthIndicator.java:82)
	at org.springframework.boot.actuate.health.HealthIndicator.getHealth(HealthIndicator.java:37)
	at org.springframework.boot.actuate.health.HealthEndpoint.getHealth(HealthEndpoint.java:82)
	at org.springframework.boot.actuate.health.HealthEndpoint.getHealth(HealthEndpoint.java:41)
	at org.springframework.boot.actuate.health.HealthEndpointSupport.getLoggedHealth(HealthEndpointSupport.java:172)
	at org.springframework.boot.actuate.health.HealthEndpointSupport.getContribution(HealthEndpointSupport.java:145)
	at org.springframework.boot.actuate.health.HealthEndpointSupport.getAggregateContribution(HealthEndpointSupport.java:156)
	at org.springframework.boot.actuate.health.HealthEndpointSupport.getContribution(HealthEndpointSupport.java:141)
	at org.springframework.boot.actuate.health.HealthEndpointSupport.getHealth(HealthEndpointSupport.java:110)
	at org.springframework.boot.actuate.health.HealthEndpointSupport.getHealth(HealthEndpointSupport.java:81)
	at org.springframework.boot.actuate.health.HealthEndpoint.health(HealthEndpoint.java:76)
	at org.springframework.boot.actuate.health.HealthEndpoint.health(HealthEndpoint.java:66)
	at java.base/jdk.internal.reflect.NativeMethodAccessorImpl.invoke0(Native Method)
	at java.base/jdk.internal.reflect.NativeMethodAccessorImpl.invoke(NativeMethodAccessorImpl.java:77)
	at java.base/jdk.internal.reflect.DelegatingMethodAccessorImpl.invoke(DelegatingMethodAccessorImpl.java:43)
	at java.base/java.lang.reflect.Method.invoke(Method.java:569)
	at org.springframework.util.ReflectionUtils.invokeMethod(ReflectionUtils.java:281)
	at org.springframework.boot.actuate.endpoint.invoke.reflect.ReflectiveOperationInvoker.invoke(ReflectiveOperationInvoker.java:74)
	at org.springframework.boot.actuate.endpoint.annotation.AbstractDiscoveredOperation.invoke(AbstractDiscoveredOperation.java:60)
	at org.springframework.boot.actuate.endpoint.jmx.EndpointMBean.invoke(EndpointMBean.java:124)
	at org.springframework.boot.actuate.endpoint.jmx.EndpointMBean.invoke(EndpointMBean.java:97)
	at java.management/com.sun.jmx.interceptor.DefaultMBeanServerInterceptor.invoke(DefaultMBeanServerInterceptor.java:814)
	at java.management/com.sun.jmx.mbeanserver.JmxMBeanServer.invoke(JmxMBeanServer.java:802)
	at java.management.rmi/javax.management.remote.rmi.RMIConnectionImpl.doOperation(RMIConnectionImpl.java:1472)
	at java.management.rmi/javax.management.remote.rmi.RMIConnectionImpl$PrivilegedOperation.run(RMIConnectionImpl.java:1310)
	at java.management.rmi/javax.management.remote.rmi.RMIConnectionImpl.doPrivilegedOperation(RMIConnectionImpl.java:1405)
	at java.management.rmi/javax.management.remote.rmi.RMIConnectionImpl.invoke(RMIConnectionImpl.java:829)
	at java.base/jdk.internal.reflect.GeneratedMethodAccessor39.invoke(Unknown Source)
	at java.base/jdk.internal.reflect.DelegatingMethodAccessorImpl.invoke(DelegatingMethodAccessorImpl.java:43)
	at java.base/java.lang.reflect.Method.invoke(Method.java:569)
	at java.rmi/sun.rmi.server.UnicastServerRef.dispatch(UnicastServerRef.java:360)
	at java.rmi/sun.rmi.transport.Transport$1.run(Transport.java:200)
	at java.rmi/sun.rmi.transport.Transport$1.run(Transport.java:197)
	at java.base/java.security.AccessController.doPrivileged(AccessController.java:712)
	at java.rmi/sun.rmi.transport.Transport.serviceCall(Transport.java:196)
	at java.rmi/sun.rmi.transport.tcp.TCPTransport.handleMessages(TCPTransport.java:587)
	at java.rmi/sun.rmi.transport.tcp.TCPTransport$ConnectionHandler.run0(TCPTransport.java:828)
	at java.rmi/sun.rmi.transport.tcp.TCPTransport$ConnectionHandler.lambda$run$0(TCPTransport.java:705)
	at java.base/java.security.AccessController.doPrivileged(AccessController.java:399)
	at java.rmi/sun.rmi.transport.tcp.TCPTransport$ConnectionHandler.run(TCPTransport.java:704)
	at java.base/java.util.concurrent.ThreadPoolExecutor.runWorker(ThreadPoolExecutor.java:1136)
	at java.base/java.util.concurrent.ThreadPoolExecutor$Worker.run(ThreadPoolExecutor.java:635)
	at java.base/java.lang.Thread.run(Thread.java:840)
Caused by: com.mysql.cj.exceptions.CJCommunicationsException: Communications link failure

The last packet sent successfully to the server was 0 milliseconds ago. The driver has not received any packets from the server.
	at java.base/jdk.internal.reflect.NativeConstructorAccessorImpl.newInstance0(Native Method)
	at java.base/jdk.internal.reflect.NativeConstructorAccessorImpl.newInstance(NativeConstructorAccessorImpl.java:77)
	at java.base/jdk.internal.reflect.DelegatingConstructorAccessorImpl.newInstance(DelegatingConstructorAccessorImpl.java:45)
	at java.base/java.lang.reflect.Constructor.newInstanceWithCaller(Constructor.java:500)
	at java.base/java.lang.reflect.Constructor.newInstance(Constructor.java:481)
	at com.mysql.cj.exceptions.ExceptionFactory.createException(ExceptionFactory.java:61)
	at com.mysql.cj.exceptions.ExceptionFactory.createException(ExceptionFactory.java:105)
	at com.mysql.cj.exceptions.ExceptionFactory.createException(ExceptionFactory.java:151)
	at com.mysql.cj.exceptions.ExceptionFactory.createCommunicationsException(ExceptionFactory.java:167)
	at com.mysql.cj.protocol.a.NativeSocketConnection.connect(NativeSocketConnection.java:89)
	at com.mysql.cj.NativeSession.connect(NativeSession.java:120)
	at com.mysql.cj.jdbc.ConnectionImpl.connectOneTryOnly(ConnectionImpl.java:944)
	at com.mysql.cj.jdbc.ConnectionImpl.createNewIO(ConnectionImpl.java:814)
	... 60 common frames omitted
Caused by: java.net.ConnectException: Connection timed out: getsockopt
	at java.base/sun.nio.ch.Net.pollConnect(Native Method)
	at java.base/sun.nio.ch.Net.pollConnectNow(Net.java:672)
	at java.base/sun.nio.ch.NioSocketImpl.timedFinishConnect(NioSocketImpl.java:554)
	at java.base/sun.nio.ch.NioSocketImpl.connect(NioSocketImpl.java:602)
	at java.base/java.net.SocksSocketImpl.connect(SocksSocketImpl.java:327)
	at java.base/java.net.Socket.connect(Socket.java:639)
	at com.mysql.cj.protocol.StandardSocketFactory.connect(StandardSocketFactory.java:153)
	at com.mysql.cj.protocol.a.NativeSocketConnection.connect(NativeSocketConnection.java:63)
	... 63 common frames omitted
2026-06-23 18:58:09.659 [RMI TCP Connection(1)-192.168.124.50] WARN  o.s.boot.actuate.jdbc.DataSourceHealthIndicator-DataSource health check failed
org.springframework.jdbc.CannotGetJdbcConnectionException: Failed to obtain JDBC Connection
	at org.springframework.jdbc.datasource.DataSourceUtils.getConnection(DataSourceUtils.java:83)
	at org.springframework.jdbc.core.JdbcTemplate.execute(JdbcTemplate.java:330)
	at org.springframework.boot.actuate.jdbc.DataSourceHealthIndicator.getProduct(DataSourceHealthIndicator.java:122)
	at org.springframework.boot.actuate.jdbc.DataSourceHealthIndicator.doDataSourceHealthCheck(DataSourceHealthIndicator.java:105)
	at org.springframework.boot.actuate.jdbc.DataSourceHealthIndicator.doHealthCheck(DataSourceHealthIndicator.java:100)
	at org.springframework.boot.actuate.health.AbstractHealthIndicator.health(AbstractHealthIndicator.java:82)
	at org.springframework.boot.actuate.health.HealthIndicator.getHealth(HealthIndicator.java:37)
	at org.springframework.boot.actuate.health.HealthEndpoint.getHealth(HealthEndpoint.java:82)
	at org.springframework.boot.actuate.health.HealthEndpoint.getHealth(HealthEndpoint.java:41)
	at org.springframework.boot.actuate.health.HealthEndpointSupport.getLoggedHealth(HealthEndpointSupport.java:172)
	at org.springframework.boot.actuate.health.HealthEndpointSupport.getContribution(HealthEndpointSupport.java:145)
	at org.springframework.boot.actuate.health.HealthEndpointSupport.getAggregateContribution(HealthEndpointSupport.java:156)
	at org.springframework.boot.actuate.health.HealthEndpointSupport.getContribution(HealthEndpointSupport.java:141)
	at org.springframework.boot.actuate.health.HealthEndpointSupport.getHealth(HealthEndpointSupport.java:110)
	at org.springframework.boot.actuate.health.HealthEndpointSupport.getHealth(HealthEndpointSupport.java:81)
	at org.springframework.boot.actuate.health.HealthEndpoint.health(HealthEndpoint.java:76)
	at org.springframework.boot.actuate.health.HealthEndpoint.health(HealthEndpoint.java:66)
	at java.base/jdk.internal.reflect.NativeMethodAccessorImpl.invoke0(Native Method)
	at java.base/jdk.internal.reflect.NativeMethodAccessorImpl.invoke(NativeMethodAccessorImpl.java:77)
	at java.base/jdk.internal.reflect.DelegatingMethodAccessorImpl.invoke(DelegatingMethodAccessorImpl.java:43)
	at java.base/java.lang.reflect.Method.invoke(Method.java:569)
	at org.springframework.util.ReflectionUtils.invokeMethod(ReflectionUtils.java:281)
	at org.springframework.boot.actuate.endpoint.invoke.reflect.ReflectiveOperationInvoker.invoke(ReflectiveOperationInvoker.java:74)
	at org.springframework.boot.actuate.endpoint.annotation.AbstractDiscoveredOperation.invoke(AbstractDiscoveredOperation.java:60)
	at org.springframework.boot.actuate.endpoint.jmx.EndpointMBean.invoke(EndpointMBean.java:124)
	at org.springframework.boot.actuate.endpoint.jmx.EndpointMBean.invoke(EndpointMBean.java:97)
	at java.management/com.sun.jmx.interceptor.DefaultMBeanServerInterceptor.invoke(DefaultMBeanServerInterceptor.java:814)
	at java.management/com.sun.jmx.mbeanserver.JmxMBeanServer.invoke(JmxMBeanServer.java:802)
	at java.management.rmi/javax.management.remote.rmi.RMIConnectionImpl.doOperation(RMIConnectionImpl.java:1472)
	at java.management.rmi/javax.management.remote.rmi.RMIConnectionImpl$PrivilegedOperation.run(RMIConnectionImpl.java:1310)
	at java.management.rmi/javax.management.remote.rmi.RMIConnectionImpl.doPrivilegedOperation(RMIConnectionImpl.java:1405)
	at java.management.rmi/javax.management.remote.rmi.RMIConnectionImpl.invoke(RMIConnectionImpl.java:829)
	at java.base/jdk.internal.reflect.GeneratedMethodAccessor39.invoke(Unknown Source)
	at java.base/jdk.internal.reflect.DelegatingMethodAccessorImpl.invoke(DelegatingMethodAccessorImpl.java:43)
	at java.base/java.lang.reflect.Method.invoke(Method.java:569)
	at java.rmi/sun.rmi.server.UnicastServerRef.dispatch(UnicastServerRef.java:360)
	at java.rmi/sun.rmi.transport.Transport$1.run(Transport.java:200)
	at java.rmi/sun.rmi.transport.Transport$1.run(Transport.java:197)
	at java.base/java.security.AccessController.doPrivileged(AccessController.java:712)
	at java.rmi/sun.rmi.transport.Transport.serviceCall(Transport.java:196)
	at java.rmi/sun.rmi.transport.tcp.TCPTransport.handleMessages(TCPTransport.java:587)
	at java.rmi/sun.rmi.transport.tcp.TCPTransport$ConnectionHandler.run0(TCPTransport.java:828)
	at java.rmi/sun.rmi.transport.tcp.TCPTransport$ConnectionHandler.lambda$run$0(TCPTransport.java:705)
	at java.base/java.security.AccessController.doPrivileged(AccessController.java:399)
	at java.rmi/sun.rmi.transport.tcp.TCPTransport$ConnectionHandler.run(TCPTransport.java:704)
	at java.base/java.util.concurrent.ThreadPoolExecutor.runWorker(ThreadPoolExecutor.java:1136)
	at java.base/java.util.concurrent.ThreadPoolExecutor$Worker.run(ThreadPoolExecutor.java:635)
	at java.base/java.lang.Thread.run(Thread.java:840)
Caused by: com.mysql.cj.jdbc.exceptions.CommunicationsException: Communications link failure

The last packet sent successfully to the server was 0 milliseconds ago. The driver has not received any packets from the server.
	at com.mysql.cj.jdbc.exceptions.SQLError.createCommunicationsException(SQLError.java:174)
	at com.mysql.cj.jdbc.exceptions.SQLExceptionsMapping.translateException(SQLExceptionsMapping.java:64)
	at com.mysql.cj.jdbc.ConnectionImpl.createNewIO(ConnectionImpl.java:824)
	at com.mysql.cj.jdbc.ConnectionImpl.<init>(ConnectionImpl.java:444)
	at com.mysql.cj.jdbc.ConnectionImpl.getInstance(ConnectionImpl.java:237)
	at com.mysql.cj.jdbc.NonRegisteringDriver.connect(NonRegisteringDriver.java:198)
	at com.zaxxer.hikari.util.DriverDataSource.getConnection(DriverDataSource.java:138)
	at com.zaxxer.hikari.pool.PoolBase.newConnection(PoolBase.java:359)
	at com.zaxxer.hikari.pool.PoolBase.newPoolEntry(PoolBase.java:201)
	at com.zaxxer.hikari.pool.HikariPool.createPoolEntry(HikariPool.java:470)
	at com.zaxxer.hikari.pool.HikariPool.checkFailFast(HikariPool.java:561)
	at com.zaxxer.hikari.pool.HikariPool.<init>(HikariPool.java:100)
	at com.zaxxer.hikari.HikariDataSource.getConnection(HikariDataSource.java:112)
	at org.springframework.jdbc.datasource.DataSourceUtils.fetchConnection(DataSourceUtils.java:159)
	at org.springframework.jdbc.datasource.DataSourceUtils.doGetConnection(DataSourceUtils.java:117)
	at org.springframework.jdbc.datasource.DataSourceUtils.getConnection(DataSourceUtils.java:80)
	... 47 common frames omitted
Caused by: com.mysql.cj.exceptions.CJCommunicationsException: Communications link failure

The last packet sent successfully to the server was 0 milliseconds ago. The driver has not received any packets from the server.
	at java.base/jdk.internal.reflect.NativeConstructorAccessorImpl.newInstance0(Native Method)
	at java.base/jdk.internal.reflect.NativeConstructorAccessorImpl.newInstance(NativeConstructorAccessorImpl.java:77)
	at java.base/jdk.internal.reflect.DelegatingConstructorAccessorImpl.newInstance(DelegatingConstructorAccessorImpl.java:45)
	at java.base/java.lang.reflect.Constructor.newInstanceWithCaller(Constructor.java:500)
	at java.base/java.lang.reflect.Constructor.newInstance(Constructor.java:481)
	at com.mysql.cj.exceptions.ExceptionFactory.createException(ExceptionFactory.java:61)
	at com.mysql.cj.exceptions.ExceptionFactory.createException(ExceptionFactory.java:105)
	at com.mysql.cj.exceptions.ExceptionFactory.createException(ExceptionFactory.java:151)
	at com.mysql.cj.exceptions.ExceptionFactory.createCommunicationsException(ExceptionFactory.java:167)
	at com.mysql.cj.protocol.a.NativeSocketConnection.connect(NativeSocketConnection.java:89)
	at com.mysql.cj.NativeSession.connect(NativeSession.java:120)
	at com.mysql.cj.jdbc.ConnectionImpl.connectOneTryOnly(ConnectionImpl.java:944)
	at com.mysql.cj.jdbc.ConnectionImpl.createNewIO(ConnectionImpl.java:814)
	... 60 common frames omitted
Caused by: java.net.ConnectException: Connection timed out: getsockopt
	at java.base/sun.nio.ch.Net.pollConnect(Native Method)
	at java.base/sun.nio.ch.Net.pollConnectNow(Net.java:672)
	at java.base/sun.nio.ch.NioSocketImpl.timedFinishConnect(NioSocketImpl.java:554)
	at java.base/sun.nio.ch.NioSocketImpl.connect(NioSocketImpl.java:602)
	at java.base/java.net.SocksSocketImpl.connect(SocksSocketImpl.java:327)
	at java.base/java.net.Socket.connect(Socket.java:639)
	at com.mysql.cj.protocol.StandardSocketFactory.connect(StandardSocketFactory.java:153)
	at com.mysql.cj.protocol.a.NativeSocketConnection.connect(NativeSocketConnection.java:63)
	... 63 common frames omitted
2026-06-23 18:58:09.661 [RMI TCP Connection(1)-192.168.124.50] WARN  o.s.boot.actuate.health.HealthEndpointSupport-Health contributor org.springframework.boot.actuate.jdbc.DataSourceHealthIndicator (db) took 22122ms to respond
2026-06-23 18:58:19.876 [boundedElastic-1] WARN  o.s.b.a.data.redis.RedisReactiveHealthIndicator-Redis health check failed
org.springframework.data.redis.RedisConnectionFailureException: Unable to connect to Redis
	at org.springframework.data.redis.connection.lettuce.LettuceConnectionFactory$ExceptionTranslatingConnectionProvider.translateException(LettuceConnectionFactory.java:1602)
	at org.springframework.data.redis.connection.lettuce.LettuceConnectionFactory$ExceptionTranslatingConnectionProvider.getConnection(LettuceConnectionFactory.java:1533)
	at org.springframework.data.redis.connection.lettuce.LettuceConnectionFactory$SharedConnection.getNativeConnection(LettuceConnectionFactory.java:1358)
	at org.springframework.data.redis.connection.lettuce.LettuceConnectionFactory$SharedConnection.getConnection(LettuceConnectionFactory.java:1341)
	at org.springframework.data.redis.connection.lettuce.LettuceConnectionFactory.getSharedReactiveConnection(LettuceConnectionFactory.java:1083)
	at org.springframework.data.redis.connection.lettuce.LettuceConnectionFactory.getReactiveConnection(LettuceConnectionFactory.java:479)
	at org.springframework.data.redis.connection.lettuce.LettuceConnectionFactory.getReactiveConnection(LettuceConnectionFactory.java:105)
	at reactor.core.publisher.MonoSupplier.call(MonoSupplier.java:67)
	at reactor.core.publisher.FluxSubscribeOnCallable$CallableSubscribeOnSubscription.run(FluxSubscribeOnCallable.java:227)
	at reactor.core.scheduler.SchedulerTask.call(SchedulerTask.java:68)
	at reactor.core.scheduler.SchedulerTask.call(SchedulerTask.java:28)
	at java.base/java.util.concurrent.FutureTask.run(FutureTask.java:264)
	at java.base/java.util.concurrent.ScheduledThreadPoolExecutor$ScheduledFutureTask.run(ScheduledThreadPoolExecutor.java:304)
	at java.base/java.util.concurrent.ThreadPoolExecutor.runWorker(ThreadPoolExecutor.java:1136)
	at java.base/java.util.concurrent.ThreadPoolExecutor$Worker.run(ThreadPoolExecutor.java:635)
	at java.base/java.lang.Thread.run(Thread.java:840)
Caused by: io.lettuce.core.RedisConnectionException: Unable to connect to 192.168.100.101/<unresolved>:6379
	at io.lettuce.core.RedisConnectionException.create(RedisConnectionException.java:78)
	at io.lettuce.core.RedisConnectionException.create(RedisConnectionException.java:56)
	at io.lettuce.core.AbstractRedisClient.getConnection(AbstractRedisClient.java:350)
	at io.lettuce.core.RedisClient.connect(RedisClient.java:216)
	at org.springframework.data.redis.connection.lettuce.StandaloneConnectionProvider.lambda$getConnection$1(StandaloneConnectionProvider.java:111)
	at java.base/java.util.Optional.orElseGet(Optional.java:364)
	at org.springframework.data.redis.connection.lettuce.StandaloneConnectionProvider.getConnection(StandaloneConnectionProvider.java:111)
	at org.springframework.data.redis.connection.lettuce.LettuceConnectionFactory$ExceptionTranslatingConnectionProvider.getConnection(LettuceConnectionFactory.java:1531)
	... 14 common frames omitted
Caused by: io.netty.channel.ConnectTimeoutException: connection timed out: /192.168.100.101:6379
	at io.netty.channel.nio.AbstractNioChannel$AbstractNioUnsafe$1.run(AbstractNioChannel.java:261)
	at io.netty.util.concurrent.PromiseTask.runTask(PromiseTask.java:98)
	at io.netty.util.concurrent.ScheduledFutureTask.run(ScheduledFutureTask.java:153)
	at io.netty.util.concurrent.AbstractEventExecutor.runTask(AbstractEventExecutor.java:174)
	at io.netty.util.concurrent.AbstractEventExecutor.safeExecute(AbstractEventExecutor.java:167)
	at io.netty.util.concurrent.SingleThreadEventExecutor.runAllTasks(SingleThreadEventExecutor.java:470)
	at io.netty.channel.nio.NioEventLoop.run(NioEventLoop.java:569)
	at io.netty.util.concurrent.SingleThreadEventExecutor$4.run(SingleThreadEventExecutor.java:997)
	at io.netty.util.internal.ThreadExecutorMap$2.run(ThreadExecutorMap.java:74)
	at io.netty.util.concurrent.FastThreadLocalRunnable.run(FastThreadLocalRunnable.java:30)
	... 1 common frames omitted
2026-06-23 18:58:19.877 [RMI TCP Connection(1)-192.168.124.50] WARN  o.s.boot.actuate.health.HealthEndpointSupport-Health contributor org.springframework.boot.actuate.autoconfigure.health.HealthEndpointConfiguration$AdaptedReactiveHealthContributors$1 (redis) took 10216ms to respond
2026-06-23 18:59:02.153 [RMI TCP Connection(1)-192.168.124.50] INFO  com.zaxxer.hikari.HikariDataSource-SPHHikariPool - Starting...
2026-06-23 18:59:24.199 [RMI TCP Connection(1)-192.168.124.50] ERROR com.zaxxer.hikari.pool.HikariPool-SPHHikariPool - Exception during pool initialization.
com.mysql.cj.jdbc.exceptions.CommunicationsException: Communications link failure

The last packet sent successfully to the server was 0 milliseconds ago. The driver has not received any packets from the server.
	at com.mysql.cj.jdbc.exceptions.SQLError.createCommunicationsException(SQLError.java:174)
	at com.mysql.cj.jdbc.exceptions.SQLExceptionsMapping.translateException(SQLExceptionsMapping.java:64)
	at com.mysql.cj.jdbc.ConnectionImpl.createNewIO(ConnectionImpl.java:824)
	at com.mysql.cj.jdbc.ConnectionImpl.<init>(ConnectionImpl.java:444)
	at com.mysql.cj.jdbc.ConnectionImpl.getInstance(ConnectionImpl.java:237)
	at com.mysql.cj.jdbc.NonRegisteringDriver.connect(NonRegisteringDriver.java:198)
	at com.zaxxer.hikari.util.DriverDataSource.getConnection(DriverDataSource.java:138)
	at com.zaxxer.hikari.pool.PoolBase.newConnection(PoolBase.java:359)
	at com.zaxxer.hikari.pool.PoolBase.newPoolEntry(PoolBase.java:201)
	at com.zaxxer.hikari.pool.HikariPool.createPoolEntry(HikariPool.java:470)
	at com.zaxxer.hikari.pool.HikariPool.checkFailFast(HikariPool.java:561)
	at com.zaxxer.hikari.pool.HikariPool.<init>(HikariPool.java:100)
	at com.zaxxer.hikari.HikariDataSource.getConnection(HikariDataSource.java:112)
	at org.springframework.jdbc.datasource.DataSourceUtils.fetchConnection(DataSourceUtils.java:159)
	at org.springframework.jdbc.datasource.DataSourceUtils.doGetConnection(DataSourceUtils.java:117)
	at org.springframework.jdbc.datasource.DataSourceUtils.getConnection(DataSourceUtils.java:80)
	at org.springframework.jdbc.core.JdbcTemplate.execute(JdbcTemplate.java:330)
	at org.springframework.boot.actuate.jdbc.DataSourceHealthIndicator.getProduct(DataSourceHealthIndicator.java:122)
	at org.springframework.boot.actuate.jdbc.DataSourceHealthIndicator.doDataSourceHealthCheck(DataSourceHealthIndicator.java:105)
	at org.springframework.boot.actuate.jdbc.DataSourceHealthIndicator.doHealthCheck(DataSourceHealthIndicator.java:100)
	at org.springframework.boot.actuate.health.AbstractHealthIndicator.health(AbstractHealthIndicator.java:82)
	at org.springframework.boot.actuate.health.HealthIndicator.getHealth(HealthIndicator.java:37)
	at org.springframework.boot.actuate.health.HealthEndpoint.getHealth(HealthEndpoint.java:82)
	at org.springframework.boot.actuate.health.HealthEndpoint.getHealth(HealthEndpoint.java:41)
	at org.springframework.boot.actuate.health.HealthEndpointSupport.getLoggedHealth(HealthEndpointSupport.java:172)
	at org.springframework.boot.actuate.health.HealthEndpointSupport.getContribution(HealthEndpointSupport.java:145)
	at org.springframework.boot.actuate.health.HealthEndpointSupport.getAggregateContribution(HealthEndpointSupport.java:156)
	at org.springframework.boot.actuate.health.HealthEndpointSupport.getContribution(HealthEndpointSupport.java:141)
	at org.springframework.boot.actuate.health.HealthEndpointSupport.getHealth(HealthEndpointSupport.java:110)
	at org.springframework.boot.actuate.health.HealthEndpointSupport.getHealth(HealthEndpointSupport.java:81)
	at org.springframework.boot.actuate.health.HealthEndpoint.health(HealthEndpoint.java:76)
	at org.springframework.boot.actuate.health.HealthEndpoint.health(HealthEndpoint.java:66)
	at java.base/jdk.internal.reflect.NativeMethodAccessorImpl.invoke0(Native Method)
	at java.base/jdk.internal.reflect.NativeMethodAccessorImpl.invoke(NativeMethodAccessorImpl.java:77)
	at java.base/jdk.internal.reflect.DelegatingMethodAccessorImpl.invoke(DelegatingMethodAccessorImpl.java:43)
	at java.base/java.lang.reflect.Method.invoke(Method.java:569)
	at org.springframework.util.ReflectionUtils.invokeMethod(ReflectionUtils.java:281)
	at org.springframework.boot.actuate.endpoint.invoke.reflect.ReflectiveOperationInvoker.invoke(ReflectiveOperationInvoker.java:74)
	at org.springframework.boot.actuate.endpoint.annotation.AbstractDiscoveredOperation.invoke(AbstractDiscoveredOperation.java:60)
	at org.springframework.boot.actuate.endpoint.jmx.EndpointMBean.invoke(EndpointMBean.java:124)
	at org.springframework.boot.actuate.endpoint.jmx.EndpointMBean.invoke(EndpointMBean.java:97)
	at java.management/com.sun.jmx.interceptor.DefaultMBeanServerInterceptor.invoke(DefaultMBeanServerInterceptor.java:814)
	at java.management/com.sun.jmx.mbeanserver.JmxMBeanServer.invoke(JmxMBeanServer.java:802)
	at java.management.rmi/javax.management.remote.rmi.RMIConnectionImpl.doOperation(RMIConnectionImpl.java:1472)
	at java.management.rmi/javax.management.remote.rmi.RMIConnectionImpl$PrivilegedOperation.run(RMIConnectionImpl.java:1310)
	at java.management.rmi/javax.management.remote.rmi.RMIConnectionImpl.doPrivilegedOperation(RMIConnectionImpl.java:1405)
	at java.management.rmi/javax.management.remote.rmi.RMIConnectionImpl.invoke(RMIConnectionImpl.java:829)
	at java.base/jdk.internal.reflect.GeneratedMethodAccessor39.invoke(Unknown Source)
	at java.base/jdk.internal.reflect.DelegatingMethodAccessorImpl.invoke(DelegatingMethodAccessorImpl.java:43)
	at java.base/java.lang.reflect.Method.invoke(Method.java:569)
	at java.rmi/sun.rmi.server.UnicastServerRef.dispatch(UnicastServerRef.java:360)
	at java.rmi/sun.rmi.transport.Transport$1.run(Transport.java:200)
	at java.rmi/sun.rmi.transport.Transport$1.run(Transport.java:197)
	at java.base/java.security.AccessController.doPrivileged(AccessController.java:712)
	at java.rmi/sun.rmi.transport.Transport.serviceCall(Transport.java:196)
	at java.rmi/sun.rmi.transport.tcp.TCPTransport.handleMessages(TCPTransport.java:587)
	at java.rmi/sun.rmi.transport.tcp.TCPTransport$ConnectionHandler.run0(TCPTransport.java:828)
	at java.rmi/sun.rmi.transport.tcp.TCPTransport$ConnectionHandler.lambda$run$0(TCPTransport.java:705)
	at java.base/java.security.AccessController.doPrivileged(AccessController.java:399)
	at java.rmi/sun.rmi.transport.tcp.TCPTransport$ConnectionHandler.run(TCPTransport.java:704)
	at java.base/java.util.concurrent.ThreadPoolExecutor.runWorker(ThreadPoolExecutor.java:1136)
	at java.base/java.util.concurrent.ThreadPoolExecutor$Worker.run(ThreadPoolExecutor.java:635)
	at java.base/java.lang.Thread.run(Thread.java:840)
Caused by: com.mysql.cj.exceptions.CJCommunicationsException: Communications link failure

The last packet sent successfully to the server was 0 milliseconds ago. The driver has not received any packets from the server.
	at java.base/jdk.internal.reflect.NativeConstructorAccessorImpl.newInstance0(Native Method)
	at java.base/jdk.internal.reflect.NativeConstructorAccessorImpl.newInstance(NativeConstructorAccessorImpl.java:77)
	at java.base/jdk.internal.reflect.DelegatingConstructorAccessorImpl.newInstance(DelegatingConstructorAccessorImpl.java:45)
	at java.base/java.lang.reflect.Constructor.newInstanceWithCaller(Constructor.java:500)
	at java.base/java.lang.reflect.Constructor.newInstance(Constructor.java:481)
	at com.mysql.cj.exceptions.ExceptionFactory.createException(ExceptionFactory.java:61)
	at com.mysql.cj.exceptions.ExceptionFactory.createException(ExceptionFactory.java:105)
	at com.mysql.cj.exceptions.ExceptionFactory.createException(ExceptionFactory.java:151)
	at com.mysql.cj.exceptions.ExceptionFactory.createCommunicationsException(ExceptionFactory.java:167)
	at com.mysql.cj.protocol.a.NativeSocketConnection.connect(NativeSocketConnection.java:89)
	at com.mysql.cj.NativeSession.connect(NativeSession.java:120)
	at com.mysql.cj.jdbc.ConnectionImpl.connectOneTryOnly(ConnectionImpl.java:944)
	at com.mysql.cj.jdbc.ConnectionImpl.createNewIO(ConnectionImpl.java:814)
	... 60 common frames omitted
Caused by: java.net.ConnectException: Connection timed out: getsockopt
	at java.base/sun.nio.ch.Net.pollConnect(Native Method)
	at java.base/sun.nio.ch.Net.pollConnectNow(Net.java:672)
	at java.base/sun.nio.ch.NioSocketImpl.timedFinishConnect(NioSocketImpl.java:554)
	at java.base/sun.nio.ch.NioSocketImpl.connect(NioSocketImpl.java:602)
	at java.base/java.net.SocksSocketImpl.connect(SocksSocketImpl.java:327)
	at java.base/java.net.Socket.connect(Socket.java:639)
	at com.mysql.cj.protocol.StandardSocketFactory.connect(StandardSocketFactory.java:153)
	at com.mysql.cj.protocol.a.NativeSocketConnection.connect(NativeSocketConnection.java:63)
	... 63 common frames omitted
2026-06-23 18:59:24.200 [RMI TCP Connection(1)-192.168.124.50] WARN  o.s.boot.actuate.jdbc.DataSourceHealthIndicator-DataSource health check failed
org.springframework.jdbc.CannotGetJdbcConnectionException: Failed to obtain JDBC Connection
	at org.springframework.jdbc.datasource.DataSourceUtils.getConnection(DataSourceUtils.java:83)
	at org.springframework.jdbc.core.JdbcTemplate.execute(JdbcTemplate.java:330)
	at org.springframework.boot.actuate.jdbc.DataSourceHealthIndicator.getProduct(DataSourceHealthIndicator.java:122)
	at org.springframework.boot.actuate.jdbc.DataSourceHealthIndicator.doDataSourceHealthCheck(DataSourceHealthIndicator.java:105)
	at org.springframework.boot.actuate.jdbc.DataSourceHealthIndicator.doHealthCheck(DataSourceHealthIndicator.java:100)
	at org.springframework.boot.actuate.health.AbstractHealthIndicator.health(AbstractHealthIndicator.java:82)
	at org.springframework.boot.actuate.health.HealthIndicator.getHealth(HealthIndicator.java:37)
	at org.springframework.boot.actuate.health.HealthEndpoint.getHealth(HealthEndpoint.java:82)
	at org.springframework.boot.actuate.health.HealthEndpoint.getHealth(HealthEndpoint.java:41)
	at org.springframework.boot.actuate.health.HealthEndpointSupport.getLoggedHealth(HealthEndpointSupport.java:172)
	at org.springframework.boot.actuate.health.HealthEndpointSupport.getContribution(HealthEndpointSupport.java:145)
	at org.springframework.boot.actuate.health.HealthEndpointSupport.getAggregateContribution(HealthEndpointSupport.java:156)
	at org.springframework.boot.actuate.health.HealthEndpointSupport.getContribution(HealthEndpointSupport.java:141)
	at org.springframework.boot.actuate.health.HealthEndpointSupport.getHealth(HealthEndpointSupport.java:110)
	at org.springframework.boot.actuate.health.HealthEndpointSupport.getHealth(HealthEndpointSupport.java:81)
	at org.springframework.boot.actuate.health.HealthEndpoint.health(HealthEndpoint.java:76)
	at org.springframework.boot.actuate.health.HealthEndpoint.health(HealthEndpoint.java:66)
	at java.base/jdk.internal.reflect.NativeMethodAccessorImpl.invoke0(Native Method)
	at java.base/jdk.internal.reflect.NativeMethodAccessorImpl.invoke(NativeMethodAccessorImpl.java:77)
	at java.base/jdk.internal.reflect.DelegatingMethodAccessorImpl.invoke(DelegatingMethodAccessorImpl.java:43)
	at java.base/java.lang.reflect.Method.invoke(Method.java:569)
	at org.springframework.util.ReflectionUtils.invokeMethod(ReflectionUtils.java:281)
	at org.springframework.boot.actuate.endpoint.invoke.reflect.ReflectiveOperationInvoker.invoke(ReflectiveOperationInvoker.java:74)
	at org.springframework.boot.actuate.endpoint.annotation.AbstractDiscoveredOperation.invoke(AbstractDiscoveredOperation.java:60)
	at org.springframework.boot.actuate.endpoint.jmx.EndpointMBean.invoke(EndpointMBean.java:124)
	at org.springframework.boot.actuate.endpoint.jmx.EndpointMBean.invoke(EndpointMBean.java:97)
	at java.management/com.sun.jmx.interceptor.DefaultMBeanServerInterceptor.invoke(DefaultMBeanServerInterceptor.java:814)
	at java.management/com.sun.jmx.mbeanserver.JmxMBeanServer.invoke(JmxMBeanServer.java:802)
	at java.management.rmi/javax.management.remote.rmi.RMIConnectionImpl.doOperation(RMIConnectionImpl.java:1472)
	at java.management.rmi/javax.management.remote.rmi.RMIConnectionImpl$PrivilegedOperation.run(RMIConnectionImpl.java:1310)
	at java.management.rmi/javax.management.remote.rmi.RMIConnectionImpl.doPrivilegedOperation(RMIConnectionImpl.java:1405)
	at java.management.rmi/javax.management.remote.rmi.RMIConnectionImpl.invoke(RMIConnectionImpl.java:829)
	at java.base/jdk.internal.reflect.GeneratedMethodAccessor39.invoke(Unknown Source)
	at java.base/jdk.internal.reflect.DelegatingMethodAccessorImpl.invoke(DelegatingMethodAccessorImpl.java:43)
	at java.base/java.lang.reflect.Method.invoke(Method.java:569)
	at java.rmi/sun.rmi.server.UnicastServerRef.dispatch(UnicastServerRef.java:360)
	at java.rmi/sun.rmi.transport.Transport$1.run(Transport.java:200)
	at java.rmi/sun.rmi.transport.Transport$1.run(Transport.java:197)
	at java.base/java.security.AccessController.doPrivileged(AccessController.java:712)
	at java.rmi/sun.rmi.transport.Transport.serviceCall(Transport.java:196)
	at java.rmi/sun.rmi.transport.tcp.TCPTransport.handleMessages(TCPTransport.java:587)
	at java.rmi/sun.rmi.transport.tcp.TCPTransport$ConnectionHandler.run0(TCPTransport.java:828)
	at java.rmi/sun.rmi.transport.tcp.TCPTransport$ConnectionHandler.lambda$run$0(TCPTransport.java:705)
	at java.base/java.security.AccessController.doPrivileged(AccessController.java:399)
	at java.rmi/sun.rmi.transport.tcp.TCPTransport$ConnectionHandler.run(TCPTransport.java:704)
	at java.base/java.util.concurrent.ThreadPoolExecutor.runWorker(ThreadPoolExecutor.java:1136)
	at java.base/java.util.concurrent.ThreadPoolExecutor$Worker.run(ThreadPoolExecutor.java:635)
	at java.base/java.lang.Thread.run(Thread.java:840)
Caused by: com.mysql.cj.jdbc.exceptions.CommunicationsException: Communications link failure

The last packet sent successfully to the server was 0 milliseconds ago. The driver has not received any packets from the server.
	at com.mysql.cj.jdbc.exceptions.SQLError.createCommunicationsException(SQLError.java:174)
	at com.mysql.cj.jdbc.exceptions.SQLExceptionsMapping.translateException(SQLExceptionsMapping.java:64)
	at com.mysql.cj.jdbc.ConnectionImpl.createNewIO(ConnectionImpl.java:824)
	at com.mysql.cj.jdbc.ConnectionImpl.<init>(ConnectionImpl.java:444)
	at com.mysql.cj.jdbc.ConnectionImpl.getInstance(ConnectionImpl.java:237)
	at com.mysql.cj.jdbc.NonRegisteringDriver.connect(NonRegisteringDriver.java:198)
	at com.zaxxer.hikari.util.DriverDataSource.getConnection(DriverDataSource.java:138)
	at com.zaxxer.hikari.pool.PoolBase.newConnection(PoolBase.java:359)
	at com.zaxxer.hikari.pool.PoolBase.newPoolEntry(PoolBase.java:201)
	at com.zaxxer.hikari.pool.HikariPool.createPoolEntry(HikariPool.java:470)
	at com.zaxxer.hikari.pool.HikariPool.checkFailFast(HikariPool.java:561)
	at com.zaxxer.hikari.pool.HikariPool.<init>(HikariPool.java:100)
	at com.zaxxer.hikari.HikariDataSource.getConnection(HikariDataSource.java:112)
	at org.springframework.jdbc.datasource.DataSourceUtils.fetchConnection(DataSourceUtils.java:159)
	at org.springframework.jdbc.datasource.DataSourceUtils.doGetConnection(DataSourceUtils.java:117)
	at org.springframework.jdbc.datasource.DataSourceUtils.getConnection(DataSourceUtils.java:80)
	... 47 common frames omitted
Caused by: com.mysql.cj.exceptions.CJCommunicationsException: Communications link failure

The last packet sent successfully to the server was 0 milliseconds ago. The driver has not received any packets from the server.
	at java.base/jdk.internal.reflect.NativeConstructorAccessorImpl.newInstance0(Native Method)
	at java.base/jdk.internal.reflect.NativeConstructorAccessorImpl.newInstance(NativeConstructorAccessorImpl.java:77)
	at java.base/jdk.internal.reflect.DelegatingConstructorAccessorImpl.newInstance(DelegatingConstructorAccessorImpl.java:45)
	at java.base/java.lang.reflect.Constructor.newInstanceWithCaller(Constructor.java:500)
	at java.base/java.lang.reflect.Constructor.newInstance(Constructor.java:481)
	at com.mysql.cj.exceptions.ExceptionFactory.createException(ExceptionFactory.java:61)
	at com.mysql.cj.exceptions.ExceptionFactory.createException(ExceptionFactory.java:105)
	at com.mysql.cj.exceptions.ExceptionFactory.createException(ExceptionFactory.java:151)
	at com.mysql.cj.exceptions.ExceptionFactory.createCommunicationsException(ExceptionFactory.java:167)
	at com.mysql.cj.protocol.a.NativeSocketConnection.connect(NativeSocketConnection.java:89)
	at com.mysql.cj.NativeSession.connect(NativeSession.java:120)
	at com.mysql.cj.jdbc.ConnectionImpl.connectOneTryOnly(ConnectionImpl.java:944)
	at com.mysql.cj.jdbc.ConnectionImpl.createNewIO(ConnectionImpl.java:814)
	... 60 common frames omitted
Caused by: java.net.ConnectException: Connection timed out: getsockopt
	at java.base/sun.nio.ch.Net.pollConnect(Native Method)
	at java.base/sun.nio.ch.Net.pollConnectNow(Net.java:672)
	at java.base/sun.nio.ch.NioSocketImpl.timedFinishConnect(NioSocketImpl.java:554)
	at java.base/sun.nio.ch.NioSocketImpl.connect(NioSocketImpl.java:602)
	at java.base/java.net.SocksSocketImpl.connect(SocksSocketImpl.java:327)
	at java.base/java.net.Socket.connect(Socket.java:639)
	at com.mysql.cj.protocol.StandardSocketFactory.connect(StandardSocketFactory.java:153)
	at com.mysql.cj.protocol.a.NativeSocketConnection.connect(NativeSocketConnection.java:63)
	... 63 common frames omitted
2026-06-23 18:59:24.201 [RMI TCP Connection(1)-192.168.124.50] WARN  o.s.boot.actuate.health.HealthEndpointSupport-Health contributor org.springframework.boot.actuate.jdbc.DataSourceHealthIndicator (db) took 22048ms to respond
2026-06-23 18:59:34.207 [boundedElastic-1] WARN  o.s.b.a.data.redis.RedisReactiveHealthIndicator-Redis health check failed
org.springframework.data.redis.RedisConnectionFailureException: Unable to connect to Redis
	at org.springframework.data.redis.connection.lettuce.LettuceConnectionFactory$ExceptionTranslatingConnectionProvider.translateException(LettuceConnectionFactory.java:1602)
	at org.springframework.data.redis.connection.lettuce.LettuceConnectionFactory$ExceptionTranslatingConnectionProvider.getConnection(LettuceConnectionFactory.java:1533)
	at org.springframework.data.redis.connection.lettuce.LettuceConnectionFactory$SharedConnection.getNativeConnection(LettuceConnectionFactory.java:1358)
	at org.springframework.data.redis.connection.lettuce.LettuceConnectionFactory$SharedConnection.getConnection(LettuceConnectionFactory.java:1341)
	at org.springframework.data.redis.connection.lettuce.LettuceConnectionFactory.getSharedReactiveConnection(LettuceConnectionFactory.java:1083)
	at org.springframework.data.redis.connection.lettuce.LettuceConnectionFactory.getReactiveConnection(LettuceConnectionFactory.java:479)
	at org.springframework.data.redis.connection.lettuce.LettuceConnectionFactory.getReactiveConnection(LettuceConnectionFactory.java:105)
	at reactor.core.publisher.MonoSupplier.call(MonoSupplier.java:67)
	at reactor.core.publisher.FluxSubscribeOnCallable$CallableSubscribeOnSubscription.run(FluxSubscribeOnCallable.java:227)
	at reactor.core.scheduler.SchedulerTask.call(SchedulerTask.java:68)
	at reactor.core.scheduler.SchedulerTask.call(SchedulerTask.java:28)
	at java.base/java.util.concurrent.FutureTask.run(FutureTask.java:264)
	at java.base/java.util.concurrent.ScheduledThreadPoolExecutor$ScheduledFutureTask.run(ScheduledThreadPoolExecutor.java:304)
	at java.base/java.util.concurrent.ThreadPoolExecutor.runWorker(ThreadPoolExecutor.java:1136)
	at java.base/java.util.concurrent.ThreadPoolExecutor$Worker.run(ThreadPoolExecutor.java:635)
	at java.base/java.lang.Thread.run(Thread.java:840)
Caused by: io.lettuce.core.RedisConnectionException: Unable to connect to 192.168.100.101/<unresolved>:6379
	at io.lettuce.core.RedisConnectionException.create(RedisConnectionException.java:78)
	at io.lettuce.core.RedisConnectionException.create(RedisConnectionException.java:56)
	at io.lettuce.core.AbstractRedisClient.getConnection(AbstractRedisClient.java:350)
	at io.lettuce.core.RedisClient.connect(RedisClient.java:216)
	at org.springframework.data.redis.connection.lettuce.StandaloneConnectionProvider.lambda$getConnection$1(StandaloneConnectionProvider.java:111)
	at java.base/java.util.Optional.orElseGet(Optional.java:364)
	at org.springframework.data.redis.connection.lettuce.StandaloneConnectionProvider.getConnection(StandaloneConnectionProvider.java:111)
	at org.springframework.data.redis.connection.lettuce.LettuceConnectionFactory$ExceptionTranslatingConnectionProvider.getConnection(LettuceConnectionFactory.java:1531)
	... 14 common frames omitted
Caused by: io.netty.channel.ConnectTimeoutException: connection timed out: /192.168.100.101:6379
	at io.netty.channel.nio.AbstractNioChannel$AbstractNioUnsafe$1.run(AbstractNioChannel.java:261)
	at io.netty.util.concurrent.PromiseTask.runTask(PromiseTask.java:98)
	at io.netty.util.concurrent.ScheduledFutureTask.run(ScheduledFutureTask.java:153)
	at io.netty.util.concurrent.AbstractEventExecutor.runTask(AbstractEventExecutor.java:174)
	at io.netty.util.concurrent.AbstractEventExecutor.safeExecute(AbstractEventExecutor.java:167)
	at io.netty.util.concurrent.SingleThreadEventExecutor.runAllTasks(SingleThreadEventExecutor.java:470)
	at io.netty.channel.nio.NioEventLoop.run(NioEventLoop.java:569)
	at io.netty.util.concurrent.SingleThreadEventExecutor$4.run(SingleThreadEventExecutor.java:997)
	at io.netty.util.internal.ThreadExecutorMap$2.run(ThreadExecutorMap.java:74)
	at io.netty.util.concurrent.FastThreadLocalRunnable.run(FastThreadLocalRunnable.java:30)
	... 1 common frames omitted
2026-06-23 18:59:34.207 [RMI TCP Connection(1)-192.168.124.50] WARN  o.s.boot.actuate.health.HealthEndpointSupport-Health contributor org.springframework.boot.actuate.autoconfigure.health.HealthEndpointConfiguration$AdaptedReactiveHealthContributors$1 (redis) took 10005ms to respond
2026-06-23 18:59:49.221 [RMI TCP Connection(1)-192.168.124.50] INFO  com.zaxxer.hikari.HikariDataSource-SPHHikariPool - Starting...
2026-06-23 19:00:11.278 [RMI TCP Connection(1)-192.168.124.50] ERROR com.zaxxer.hikari.pool.HikariPool-SPHHikariPool - Exception during pool initialization.
com.mysql.cj.jdbc.exceptions.CommunicationsException: Communications link failure

The last packet sent successfully to the server was 0 milliseconds ago. The driver has not received any packets from the server.
	at com.mysql.cj.jdbc.exceptions.SQLError.createCommunicationsException(SQLError.java:174)
	at com.mysql.cj.jdbc.exceptions.SQLExceptionsMapping.translateException(SQLExceptionsMapping.java:64)
	at com.mysql.cj.jdbc.ConnectionImpl.createNewIO(ConnectionImpl.java:824)
	at com.mysql.cj.jdbc.ConnectionImpl.<init>(ConnectionImpl.java:444)
	at com.mysql.cj.jdbc.ConnectionImpl.getInstance(ConnectionImpl.java:237)
	at com.mysql.cj.jdbc.NonRegisteringDriver.connect(NonRegisteringDriver.java:198)
	at com.zaxxer.hikari.util.DriverDataSource.getConnection(DriverDataSource.java:138)
	at com.zaxxer.hikari.pool.PoolBase.newConnection(PoolBase.java:359)
	at com.zaxxer.hikari.pool.PoolBase.newPoolEntry(PoolBase.java:201)
	at com.zaxxer.hikari.pool.HikariPool.createPoolEntry(HikariPool.java:470)
	at com.zaxxer.hikari.pool.HikariPool.checkFailFast(HikariPool.java:561)
	at com.zaxxer.hikari.pool.HikariPool.<init>(HikariPool.java:100)
	at com.zaxxer.hikari.HikariDataSource.getConnection(HikariDataSource.java:112)
	at org.springframework.jdbc.datasource.DataSourceUtils.fetchConnection(DataSourceUtils.java:159)
	at org.springframework.jdbc.datasource.DataSourceUtils.doGetConnection(DataSourceUtils.java:117)
	at org.springframework.jdbc.datasource.DataSourceUtils.getConnection(DataSourceUtils.java:80)
	at org.springframework.jdbc.core.JdbcTemplate.execute(JdbcTemplate.java:330)
	at org.springframework.boot.actuate.jdbc.DataSourceHealthIndicator.getProduct(DataSourceHealthIndicator.java:122)
	at org.springframework.boot.actuate.jdbc.DataSourceHealthIndicator.doDataSourceHealthCheck(DataSourceHealthIndicator.java:105)
	at org.springframework.boot.actuate.jdbc.DataSourceHealthIndicator.doHealthCheck(DataSourceHealthIndicator.java:100)
	at org.springframework.boot.actuate.health.AbstractHealthIndicator.health(AbstractHealthIndicator.java:82)
	at org.springframework.boot.actuate.health.HealthIndicator.getHealth(HealthIndicator.java:37)
	at org.springframework.boot.actuate.health.HealthEndpoint.getHealth(HealthEndpoint.java:82)
	at org.springframework.boot.actuate.health.HealthEndpoint.getHealth(HealthEndpoint.java:41)
	at org.springframework.boot.actuate.health.HealthEndpointSupport.getLoggedHealth(HealthEndpointSupport.java:172)
	at org.springframework.boot.actuate.health.HealthEndpointSupport.getContribution(HealthEndpointSupport.java:145)
	at org.springframework.boot.actuate.health.HealthEndpointSupport.getAggregateContribution(HealthEndpointSupport.java:156)
	at org.springframework.boot.actuate.health.HealthEndpointSupport.getContribution(HealthEndpointSupport.java:141)
	at org.springframework.boot.actuate.health.HealthEndpointSupport.getHealth(HealthEndpointSupport.java:110)
	at org.springframework.boot.actuate.health.HealthEndpointSupport.getHealth(HealthEndpointSupport.java:81)
	at org.springframework.boot.actuate.health.HealthEndpoint.health(HealthEndpoint.java:76)
	at org.springframework.boot.actuate.health.HealthEndpoint.health(HealthEndpoint.java:66)
	at java.base/jdk.internal.reflect.NativeMethodAccessorImpl.invoke0(Native Method)
	at java.base/jdk.internal.reflect.NativeMethodAccessorImpl.invoke(NativeMethodAccessorImpl.java:77)
	at java.base/jdk.internal.reflect.DelegatingMethodAccessorImpl.invoke(DelegatingMethodAccessorImpl.java:43)
	at java.base/java.lang.reflect.Method.invoke(Method.java:569)
	at org.springframework.util.ReflectionUtils.invokeMethod(ReflectionUtils.java:281)
	at org.springframework.boot.actuate.endpoint.invoke.reflect.ReflectiveOperationInvoker.invoke(ReflectiveOperationInvoker.java:74)
	at org.springframework.boot.actuate.endpoint.annotation.AbstractDiscoveredOperation.invoke(AbstractDiscoveredOperation.java:60)
	at org.springframework.boot.actuate.endpoint.jmx.EndpointMBean.invoke(EndpointMBean.java:124)
	at org.springframework.boot.actuate.endpoint.jmx.EndpointMBean.invoke(EndpointMBean.java:97)
	at java.management/com.sun.jmx.interceptor.DefaultMBeanServerInterceptor.invoke(DefaultMBeanServerInterceptor.java:814)
	at java.management/com.sun.jmx.mbeanserver.JmxMBeanServer.invoke(JmxMBeanServer.java:802)
	at java.management.rmi/javax.management.remote.rmi.RMIConnectionImpl.doOperation(RMIConnectionImpl.java:1472)
	at java.management.rmi/javax.management.remote.rmi.RMIConnectionImpl$PrivilegedOperation.run(RMIConnectionImpl.java:1310)
	at java.management.rmi/javax.management.remote.rmi.RMIConnectionImpl.doPrivilegedOperation(RMIConnectionImpl.java:1405)
	at java.management.rmi/javax.management.remote.rmi.RMIConnectionImpl.invoke(RMIConnectionImpl.java:829)
	at java.base/jdk.internal.reflect.GeneratedMethodAccessor39.invoke(Unknown Source)
	at java.base/jdk.internal.reflect.DelegatingMethodAccessorImpl.invoke(DelegatingMethodAccessorImpl.java:43)
	at java.base/java.lang.reflect.Method.invoke(Method.java:569)
	at java.rmi/sun.rmi.server.UnicastServerRef.dispatch(UnicastServerRef.java:360)
	at java.rmi/sun.rmi.transport.Transport$1.run(Transport.java:200)
	at java.rmi/sun.rmi.transport.Transport$1.run(Transport.java:197)
	at java.base/java.security.AccessController.doPrivileged(AccessController.java:712)
	at java.rmi/sun.rmi.transport.Transport.serviceCall(Transport.java:196)
	at java.rmi/sun.rmi.transport.tcp.TCPTransport.handleMessages(TCPTransport.java:587)
	at java.rmi/sun.rmi.transport.tcp.TCPTransport$ConnectionHandler.run0(TCPTransport.java:828)
	at java.rmi/sun.rmi.transport.tcp.TCPTransport$ConnectionHandler.lambda$run$0(TCPTransport.java:705)
	at java.base/java.security.AccessController.doPrivileged(AccessController.java:399)
	at java.rmi/sun.rmi.transport.tcp.TCPTransport$ConnectionHandler.run(TCPTransport.java:704)
	at java.base/java.util.concurrent.ThreadPoolExecutor.runWorker(ThreadPoolExecutor.java:1136)
	at java.base/java.util.concurrent.ThreadPoolExecutor$Worker.run(ThreadPoolExecutor.java:635)
	at java.base/java.lang.Thread.run(Thread.java:840)
Caused by: com.mysql.cj.exceptions.CJCommunicationsException: Communications link failure

The last packet sent successfully to the server was 0 milliseconds ago. The driver has not received any packets from the server.
	at java.base/jdk.internal.reflect.NativeConstructorAccessorImpl.newInstance0(Native Method)
	at java.base/jdk.internal.reflect.NativeConstructorAccessorImpl.newInstance(NativeConstructorAccessorImpl.java:77)
	at java.base/jdk.internal.reflect.DelegatingConstructorAccessorImpl.newInstance(DelegatingConstructorAccessorImpl.java:45)
	at java.base/java.lang.reflect.Constructor.newInstanceWithCaller(Constructor.java:500)
	at java.base/java.lang.reflect.Constructor.newInstance(Constructor.java:481)
	at com.mysql.cj.exceptions.ExceptionFactory.createException(ExceptionFactory.java:61)
	at com.mysql.cj.exceptions.ExceptionFactory.createException(ExceptionFactory.java:105)
	at com.mysql.cj.exceptions.ExceptionFactory.createException(ExceptionFactory.java:151)
	at com.mysql.cj.exceptions.ExceptionFactory.createCommunicationsException(ExceptionFactory.java:167)
	at com.mysql.cj.protocol.a.NativeSocketConnection.connect(NativeSocketConnection.java:89)
	at com.mysql.cj.NativeSession.connect(NativeSession.java:120)
	at com.mysql.cj.jdbc.ConnectionImpl.connectOneTryOnly(ConnectionImpl.java:944)
	at com.mysql.cj.jdbc.ConnectionImpl.createNewIO(ConnectionImpl.java:814)
	... 60 common frames omitted
Caused by: java.net.ConnectException: Connection timed out: getsockopt
	at java.base/sun.nio.ch.Net.pollConnect(Native Method)
	at java.base/sun.nio.ch.Net.pollConnectNow(Net.java:672)
	at java.base/sun.nio.ch.NioSocketImpl.timedFinishConnect(NioSocketImpl.java:554)
	at java.base/sun.nio.ch.NioSocketImpl.connect(NioSocketImpl.java:602)
	at java.base/java.net.SocksSocketImpl.connect(SocksSocketImpl.java:327)
	at java.base/java.net.Socket.connect(Socket.java:639)
	at com.mysql.cj.protocol.StandardSocketFactory.connect(StandardSocketFactory.java:153)
	at com.mysql.cj.protocol.a.NativeSocketConnection.connect(NativeSocketConnection.java:63)
	... 63 common frames omitted
2026-06-23 19:00:11.279 [RMI TCP Connection(1)-192.168.124.50] WARN  o.s.boot.actuate.jdbc.DataSourceHealthIndicator-DataSource health check failed
org.springframework.jdbc.CannotGetJdbcConnectionException: Failed to obtain JDBC Connection
	at org.springframework.jdbc.datasource.DataSourceUtils.getConnection(DataSourceUtils.java:83)
	at org.springframework.jdbc.core.JdbcTemplate.execute(JdbcTemplate.java:330)
	at org.springframework.boot.actuate.jdbc.DataSourceHealthIndicator.getProduct(DataSourceHealthIndicator.java:122)
	at org.springframework.boot.actuate.jdbc.DataSourceHealthIndicator.doDataSourceHealthCheck(DataSourceHealthIndicator.java:105)
	at org.springframework.boot.actuate.jdbc.DataSourceHealthIndicator.doHealthCheck(DataSourceHealthIndicator.java:100)
	at org.springframework.boot.actuate.health.AbstractHealthIndicator.health(AbstractHealthIndicator.java:82)
	at org.springframework.boot.actuate.health.HealthIndicator.getHealth(HealthIndicator.java:37)
	at org.springframework.boot.actuate.health.HealthEndpoint.getHealth(HealthEndpoint.java:82)
	at org.springframework.boot.actuate.health.HealthEndpoint.getHealth(HealthEndpoint.java:41)
	at org.springframework.boot.actuate.health.HealthEndpointSupport.getLoggedHealth(HealthEndpointSupport.java:172)
	at org.springframework.boot.actuate.health.HealthEndpointSupport.getContribution(HealthEndpointSupport.java:145)
	at org.springframework.boot.actuate.health.HealthEndpointSupport.getAggregateContribution(HealthEndpointSupport.java:156)
	at org.springframework.boot.actuate.health.HealthEndpointSupport.getContribution(HealthEndpointSupport.java:141)
	at org.springframework.boot.actuate.health.HealthEndpointSupport.getHealth(HealthEndpointSupport.java:110)
	at org.springframework.boot.actuate.health.HealthEndpointSupport.getHealth(HealthEndpointSupport.java:81)
	at org.springframework.boot.actuate.health.HealthEndpoint.health(HealthEndpoint.java:76)
	at org.springframework.boot.actuate.health.HealthEndpoint.health(HealthEndpoint.java:66)
	at java.base/jdk.internal.reflect.NativeMethodAccessorImpl.invoke0(Native Method)
	at java.base/jdk.internal.reflect.NativeMethodAccessorImpl.invoke(NativeMethodAccessorImpl.java:77)
	at java.base/jdk.internal.reflect.DelegatingMethodAccessorImpl.invoke(DelegatingMethodAccessorImpl.java:43)
	at java.base/java.lang.reflect.Method.invoke(Method.java:569)
	at org.springframework.util.ReflectionUtils.invokeMethod(ReflectionUtils.java:281)
	at org.springframework.boot.actuate.endpoint.invoke.reflect.ReflectiveOperationInvoker.invoke(ReflectiveOperationInvoker.java:74)
	at org.springframework.boot.actuate.endpoint.annotation.AbstractDiscoveredOperation.invoke(AbstractDiscoveredOperation.java:60)
	at org.springframework.boot.actuate.endpoint.jmx.EndpointMBean.invoke(EndpointMBean.java:124)
	at org.springframework.boot.actuate.endpoint.jmx.EndpointMBean.invoke(EndpointMBean.java:97)
	at java.management/com.sun.jmx.interceptor.DefaultMBeanServerInterceptor.invoke(DefaultMBeanServerInterceptor.java:814)
	at java.management/com.sun.jmx.mbeanserver.JmxMBeanServer.invoke(JmxMBeanServer.java:802)
	at java.management.rmi/javax.management.remote.rmi.RMIConnectionImpl.doOperation(RMIConnectionImpl.java:1472)
	at java.management.rmi/javax.management.remote.rmi.RMIConnectionImpl$PrivilegedOperation.run(RMIConnectionImpl.java:1310)
	at java.management.rmi/javax.management.remote.rmi.RMIConnectionImpl.doPrivilegedOperation(RMIConnectionImpl.java:1405)
	at java.management.rmi/javax.management.remote.rmi.RMIConnectionImpl.invoke(RMIConnectionImpl.java:829)
	at java.base/jdk.internal.reflect.GeneratedMethodAccessor39.invoke(Unknown Source)
	at java.base/jdk.internal.reflect.DelegatingMethodAccessorImpl.invoke(DelegatingMethodAccessorImpl.java:43)
	at java.base/java.lang.reflect.Method.invoke(Method.java:569)
	at java.rmi/sun.rmi.server.UnicastServerRef.dispatch(UnicastServerRef.java:360)
	at java.rmi/sun.rmi.transport.Transport$1.run(Transport.java:200)
	at java.rmi/sun.rmi.transport.Transport$1.run(Transport.java:197)
	at java.base/java.security.AccessController.doPrivileged(AccessController.java:712)
	at java.rmi/sun.rmi.transport.Transport.serviceCall(Transport.java:196)
	at java.rmi/sun.rmi.transport.tcp.TCPTransport.handleMessages(TCPTransport.java:587)
	at java.rmi/sun.rmi.transport.tcp.TCPTransport$ConnectionHandler.run0(TCPTransport.java:828)
	at java.rmi/sun.rmi.transport.tcp.TCPTransport$ConnectionHandler.lambda$run$0(TCPTransport.java:705)
	at java.base/java.security.AccessController.doPrivileged(AccessController.java:399)
	at java.rmi/sun.rmi.transport.tcp.TCPTransport$ConnectionHandler.run(TCPTransport.java:704)
	at java.base/java.util.concurrent.ThreadPoolExecutor.runWorker(ThreadPoolExecutor.java:1136)
	at java.base/java.util.concurrent.ThreadPoolExecutor$Worker.run(ThreadPoolExecutor.java:635)
	at java.base/java.lang.Thread.run(Thread.java:840)
Caused by: com.mysql.cj.jdbc.exceptions.CommunicationsException: Communications link failure

The last packet sent successfully to the server was 0 milliseconds ago. The driver has not received any packets from the server.
	at com.mysql.cj.jdbc.exceptions.SQLError.createCommunicationsException(SQLError.java:174)
	at com.mysql.cj.jdbc.exceptions.SQLExceptionsMapping.translateException(SQLExceptionsMapping.java:64)
	at com.mysql.cj.jdbc.ConnectionImpl.createNewIO(ConnectionImpl.java:824)
	at com.mysql.cj.jdbc.ConnectionImpl.<init>(ConnectionImpl.java:444)
	at com.mysql.cj.jdbc.ConnectionImpl.getInstance(ConnectionImpl.java:237)
	at com.mysql.cj.jdbc.NonRegisteringDriver.connect(NonRegisteringDriver.java:198)
	at com.zaxxer.hikari.util.DriverDataSource.getConnection(DriverDataSource.java:138)
	at com.zaxxer.hikari.pool.PoolBase.newConnection(PoolBase.java:359)
	at com.zaxxer.hikari.pool.PoolBase.newPoolEntry(PoolBase.java:201)
	at com.zaxxer.hikari.pool.HikariPool.createPoolEntry(HikariPool.java:470)
	at com.zaxxer.hikari.pool.HikariPool.checkFailFast(HikariPool.java:561)
	at com.zaxxer.hikari.pool.HikariPool.<init>(HikariPool.java:100)
	at com.zaxxer.hikari.HikariDataSource.getConnection(HikariDataSource.java:112)
	at org.springframework.jdbc.datasource.DataSourceUtils.fetchConnection(DataSourceUtils.java:159)
	at org.springframework.jdbc.datasource.DataSourceUtils.doGetConnection(DataSourceUtils.java:117)
	at org.springframework.jdbc.datasource.DataSourceUtils.getConnection(DataSourceUtils.java:80)
	... 47 common frames omitted
Caused by: com.mysql.cj.exceptions.CJCommunicationsException: Communications link failure

The last packet sent successfully to the server was 0 milliseconds ago. The driver has not received any packets from the server.
	at java.base/jdk.internal.reflect.NativeConstructorAccessorImpl.newInstance0(Native Method)
	at java.base/jdk.internal.reflect.NativeConstructorAccessorImpl.newInstance(NativeConstructorAccessorImpl.java:77)
	at java.base/jdk.internal.reflect.DelegatingConstructorAccessorImpl.newInstance(DelegatingConstructorAccessorImpl.java:45)
	at java.base/java.lang.reflect.Constructor.newInstanceWithCaller(Constructor.java:500)
	at java.base/java.lang.reflect.Constructor.newInstance(Constructor.java:481)
	at com.mysql.cj.exceptions.ExceptionFactory.createException(ExceptionFactory.java:61)
	at com.mysql.cj.exceptions.ExceptionFactory.createException(ExceptionFactory.java:105)
	at com.mysql.cj.exceptions.ExceptionFactory.createException(ExceptionFactory.java:151)
	at com.mysql.cj.exceptions.ExceptionFactory.createCommunicationsException(ExceptionFactory.java:167)
	at com.mysql.cj.protocol.a.NativeSocketConnection.connect(NativeSocketConnection.java:89)
	at com.mysql.cj.NativeSession.connect(NativeSession.java:120)
	at com.mysql.cj.jdbc.ConnectionImpl.connectOneTryOnly(ConnectionImpl.java:944)
	at com.mysql.cj.jdbc.ConnectionImpl.createNewIO(ConnectionImpl.java:814)
	... 60 common frames omitted
Caused by: java.net.ConnectException: Connection timed out: getsockopt
	at java.base/sun.nio.ch.Net.pollConnect(Native Method)
	at java.base/sun.nio.ch.Net.pollConnectNow(Net.java:672)
	at java.base/sun.nio.ch.NioSocketImpl.timedFinishConnect(NioSocketImpl.java:554)
	at java.base/sun.nio.ch.NioSocketImpl.connect(NioSocketImpl.java:602)
	at java.base/java.net.SocksSocketImpl.connect(SocksSocketImpl.java:327)
	at java.base/java.net.Socket.connect(Socket.java:639)
	at com.mysql.cj.protocol.StandardSocketFactory.connect(StandardSocketFactory.java:153)
	at com.mysql.cj.protocol.a.NativeSocketConnection.connect(NativeSocketConnection.java:63)
	... 63 common frames omitted
2026-06-23 19:00:11.279 [RMI TCP Connection(1)-192.168.124.50] WARN  o.s.boot.actuate.health.HealthEndpointSupport-Health contributor org.springframework.boot.actuate.jdbc.DataSourceHealthIndicator (db) took 22057ms to respond
2026-06-23 19:00:21.284 [boundedElastic-1] WARN  o.s.b.a.data.redis.RedisReactiveHealthIndicator-Redis health check failed
org.springframework.data.redis.RedisConnectionFailureException: Unable to connect to Redis
	at org.springframework.data.redis.connection.lettuce.LettuceConnectionFactory$ExceptionTranslatingConnectionProvider.translateException(LettuceConnectionFactory.java:1602)
	at org.springframework.data.redis.connection.lettuce.LettuceConnectionFactory$ExceptionTranslatingConnectionProvider.getConnection(LettuceConnectionFactory.java:1533)
	at org.springframework.data.redis.connection.lettuce.LettuceConnectionFactory$SharedConnection.getNativeConnection(LettuceConnectionFactory.java:1358)
	at org.springframework.data.redis.connection.lettuce.LettuceConnectionFactory$SharedConnection.getConnection(LettuceConnectionFactory.java:1341)
	at org.springframework.data.redis.connection.lettuce.LettuceConnectionFactory.getSharedReactiveConnection(LettuceConnectionFactory.java:1083)
	at org.springframework.data.redis.connection.lettuce.LettuceConnectionFactory.getReactiveConnection(LettuceConnectionFactory.java:479)
	at org.springframework.data.redis.connection.lettuce.LettuceConnectionFactory.getReactiveConnection(LettuceConnectionFactory.java:105)
	at reactor.core.publisher.MonoSupplier.call(MonoSupplier.java:67)
	at reactor.core.publisher.FluxSubscribeOnCallable$CallableSubscribeOnSubscription.run(FluxSubscribeOnCallable.java:227)
	at reactor.core.scheduler.SchedulerTask.call(SchedulerTask.java:68)
	at reactor.core.scheduler.SchedulerTask.call(SchedulerTask.java:28)
	at java.base/java.util.concurrent.FutureTask.run(FutureTask.java:264)
	at java.base/java.util.concurrent.ScheduledThreadPoolExecutor$ScheduledFutureTask.run(ScheduledThreadPoolExecutor.java:304)
	at java.base/java.util.concurrent.ThreadPoolExecutor.runWorker(ThreadPoolExecutor.java:1136)
	at java.base/java.util.concurrent.ThreadPoolExecutor$Worker.run(ThreadPoolExecutor.java:635)
	at java.base/java.lang.Thread.run(Thread.java:840)
Caused by: io.lettuce.core.RedisConnectionException: Unable to connect to 192.168.100.101/<unresolved>:6379
	at io.lettuce.core.RedisConnectionException.create(RedisConnectionException.java:78)
	at io.lettuce.core.RedisConnectionException.create(RedisConnectionException.java:56)
	at io.lettuce.core.AbstractRedisClient.getConnection(AbstractRedisClient.java:350)
	at io.lettuce.core.RedisClient.connect(RedisClient.java:216)
	at org.springframework.data.redis.connection.lettuce.StandaloneConnectionProvider.lambda$getConnection$1(StandaloneConnectionProvider.java:111)
	at java.base/java.util.Optional.orElseGet(Optional.java:364)
	at org.springframework.data.redis.connection.lettuce.StandaloneConnectionProvider.getConnection(StandaloneConnectionProvider.java:111)
	at org.springframework.data.redis.connection.lettuce.LettuceConnectionFactory$ExceptionTranslatingConnectionProvider.getConnection(LettuceConnectionFactory.java:1531)
	... 14 common frames omitted
Caused by: io.netty.channel.ConnectTimeoutException: connection timed out: /192.168.100.101:6379
	at io.netty.channel.nio.AbstractNioChannel$AbstractNioUnsafe$1.run(AbstractNioChannel.java:261)
	at io.netty.util.concurrent.PromiseTask.runTask(PromiseTask.java:98)
	at io.netty.util.concurrent.ScheduledFutureTask.run(ScheduledFutureTask.java:153)
	at io.netty.util.concurrent.AbstractEventExecutor.runTask(AbstractEventExecutor.java:174)
	at io.netty.util.concurrent.AbstractEventExecutor.safeExecute(AbstractEventExecutor.java:167)
	at io.netty.util.concurrent.SingleThreadEventExecutor.runAllTasks(SingleThreadEventExecutor.java:470)
	at io.netty.channel.nio.NioEventLoop.run(NioEventLoop.java:569)
	at io.netty.util.concurrent.SingleThreadEventExecutor$4.run(SingleThreadEventExecutor.java:997)
	at io.netty.util.internal.ThreadExecutorMap$2.run(ThreadExecutorMap.java:74)
	at io.netty.util.concurrent.FastThreadLocalRunnable.run(FastThreadLocalRunnable.java:30)
	... 1 common frames omitted
2026-06-23 19:00:21.285 [RMI TCP Connection(1)-192.168.124.50] WARN  o.s.boot.actuate.health.HealthEndpointSupport-Health contributor org.springframework.boot.actuate.autoconfigure.health.HealthEndpointConfiguration$AdaptedReactiveHealthContributors$1 (redis) took 10005ms to respond
2026-06-23 19:00:36.301 [RMI TCP Connection(1)-192.168.124.50] INFO  com.zaxxer.hikari.HikariDataSource-SPHHikariPool - Starting...
2026-06-23 19:00:58.346 [RMI TCP Connection(1)-192.168.124.50] ERROR com.zaxxer.hikari.pool.HikariPool-SPHHikariPool - Exception during pool initialization.
com.mysql.cj.jdbc.exceptions.CommunicationsException: Communications link failure

The last packet sent successfully to the server was 0 milliseconds ago. The driver has not received any packets from the server.
	at com.mysql.cj.jdbc.exceptions.SQLError.createCommunicationsException(SQLError.java:174)
	at com.mysql.cj.jdbc.exceptions.SQLExceptionsMapping.translateException(SQLExceptionsMapping.java:64)
	at com.mysql.cj.jdbc.ConnectionImpl.createNewIO(ConnectionImpl.java:824)
	at com.mysql.cj.jdbc.ConnectionImpl.<init>(ConnectionImpl.java:444)
	at com.mysql.cj.jdbc.ConnectionImpl.getInstance(ConnectionImpl.java:237)
	at com.mysql.cj.jdbc.NonRegisteringDriver.connect(NonRegisteringDriver.java:198)
	at com.zaxxer.hikari.util.DriverDataSource.getConnection(DriverDataSource.java:138)
	at com.zaxxer.hikari.pool.PoolBase.newConnection(PoolBase.java:359)
	at com.zaxxer.hikari.pool.PoolBase.newPoolEntry(PoolBase.java:201)
	at com.zaxxer.hikari.pool.HikariPool.createPoolEntry(HikariPool.java:470)
	at com.zaxxer.hikari.pool.HikariPool.checkFailFast(HikariPool.java:561)
	at com.zaxxer.hikari.pool.HikariPool.<init>(HikariPool.java:100)
	at com.zaxxer.hikari.HikariDataSource.getConnection(HikariDataSource.java:112)
	at org.springframework.jdbc.datasource.DataSourceUtils.fetchConnection(DataSourceUtils.java:159)
	at org.springframework.jdbc.datasource.DataSourceUtils.doGetConnection(DataSourceUtils.java:117)
	at org.springframework.jdbc.datasource.DataSourceUtils.getConnection(DataSourceUtils.java:80)
	at org.springframework.jdbc.core.JdbcTemplate.execute(JdbcTemplate.java:330)
	at org.springframework.boot.actuate.jdbc.DataSourceHealthIndicator.getProduct(DataSourceHealthIndicator.java:122)
	at org.springframework.boot.actuate.jdbc.DataSourceHealthIndicator.doDataSourceHealthCheck(DataSourceHealthIndicator.java:105)
	at org.springframework.boot.actuate.jdbc.DataSourceHealthIndicator.doHealthCheck(DataSourceHealthIndicator.java:100)
	at org.springframework.boot.actuate.health.AbstractHealthIndicator.health(AbstractHealthIndicator.java:82)
	at org.springframework.boot.actuate.health.HealthIndicator.getHealth(HealthIndicator.java:37)
	at org.springframework.boot.actuate.health.HealthEndpoint.getHealth(HealthEndpoint.java:82)
	at org.springframework.boot.actuate.health.HealthEndpoint.getHealth(HealthEndpoint.java:41)
	at org.springframework.boot.actuate.health.HealthEndpointSupport.getLoggedHealth(HealthEndpointSupport.java:172)
	at org.springframework.boot.actuate.health.HealthEndpointSupport.getContribution(HealthEndpointSupport.java:145)
	at org.springframework.boot.actuate.health.HealthEndpointSupport.getAggregateContribution(HealthEndpointSupport.java:156)
	at org.springframework.boot.actuate.health.HealthEndpointSupport.getContribution(HealthEndpointSupport.java:141)
	at org.springframework.boot.actuate.health.HealthEndpointSupport.getHealth(HealthEndpointSupport.java:110)
	at org.springframework.boot.actuate.health.HealthEndpointSupport.getHealth(HealthEndpointSupport.java:81)
	at org.springframework.boot.actuate.health.HealthEndpoint.health(HealthEndpoint.java:76)
	at org.springframework.boot.actuate.health.HealthEndpoint.health(HealthEndpoint.java:66)
	at java.base/jdk.internal.reflect.NativeMethodAccessorImpl.invoke0(Native Method)
	at java.base/jdk.internal.reflect.NativeMethodAccessorImpl.invoke(NativeMethodAccessorImpl.java:77)
	at java.base/jdk.internal.reflect.DelegatingMethodAccessorImpl.invoke(DelegatingMethodAccessorImpl.java:43)
	at java.base/java.lang.reflect.Method.invoke(Method.java:569)
	at org.springframework.util.ReflectionUtils.invokeMethod(ReflectionUtils.java:281)
	at org.springframework.boot.actuate.endpoint.invoke.reflect.ReflectiveOperationInvoker.invoke(ReflectiveOperationInvoker.java:74)
	at org.springframework.boot.actuate.endpoint.annotation.AbstractDiscoveredOperation.invoke(AbstractDiscoveredOperation.java:60)
	at org.springframework.boot.actuate.endpoint.jmx.EndpointMBean.invoke(EndpointMBean.java:124)
	at org.springframework.boot.actuate.endpoint.jmx.EndpointMBean.invoke(EndpointMBean.java:97)
	at java.management/com.sun.jmx.interceptor.DefaultMBeanServerInterceptor.invoke(DefaultMBeanServerInterceptor.java:814)
	at java.management/com.sun.jmx.mbeanserver.JmxMBeanServer.invoke(JmxMBeanServer.java:802)
	at java.management.rmi/javax.management.remote.rmi.RMIConnectionImpl.doOperation(RMIConnectionImpl.java:1472)
	at java.management.rmi/javax.management.remote.rmi.RMIConnectionImpl$PrivilegedOperation.run(RMIConnectionImpl.java:1310)
	at java.management.rmi/javax.management.remote.rmi.RMIConnectionImpl.doPrivilegedOperation(RMIConnectionImpl.java:1405)
	at java.management.rmi/javax.management.remote.rmi.RMIConnectionImpl.invoke(RMIConnectionImpl.java:829)
	at java.base/jdk.internal.reflect.GeneratedMethodAccessor39.invoke(Unknown Source)
	at java.base/jdk.internal.reflect.DelegatingMethodAccessorImpl.invoke(DelegatingMethodAccessorImpl.java:43)
	at java.base/java.lang.reflect.Method.invoke(Method.java:569)
	at java.rmi/sun.rmi.server.UnicastServerRef.dispatch(UnicastServerRef.java:360)
	at java.rmi/sun.rmi.transport.Transport$1.run(Transport.java:200)
	at java.rmi/sun.rmi.transport.Transport$1.run(Transport.java:197)
	at java.base/java.security.AccessController.doPrivileged(AccessController.java:712)
	at java.rmi/sun.rmi.transport.Transport.serviceCall(Transport.java:196)
	at java.rmi/sun.rmi.transport.tcp.TCPTransport.handleMessages(TCPTransport.java:587)
	at java.rmi/sun.rmi.transport.tcp.TCPTransport$ConnectionHandler.run0(TCPTransport.java:828)
	at java.rmi/sun.rmi.transport.tcp.TCPTransport$ConnectionHandler.lambda$run$0(TCPTransport.java:705)
	at java.base/java.security.AccessController.doPrivileged(AccessController.java:399)
	at java.rmi/sun.rmi.transport.tcp.TCPTransport$ConnectionHandler.run(TCPTransport.java:704)
	at java.base/java.util.concurrent.ThreadPoolExecutor.runWorker(ThreadPoolExecutor.java:1136)
	at java.base/java.util.concurrent.ThreadPoolExecutor$Worker.run(ThreadPoolExecutor.java:635)
	at java.base/java.lang.Thread.run(Thread.java:840)
Caused by: com.mysql.cj.exceptions.CJCommunicationsException: Communications link failure

The last packet sent successfully to the server was 0 milliseconds ago. The driver has not received any packets from the server.
	at java.base/jdk.internal.reflect.NativeConstructorAccessorImpl.newInstance0(Native Method)
	at java.base/jdk.internal.reflect.NativeConstructorAccessorImpl.newInstance(NativeConstructorAccessorImpl.java:77)
	at java.base/jdk.internal.reflect.DelegatingConstructorAccessorImpl.newInstance(DelegatingConstructorAccessorImpl.java:45)
	at java.base/java.lang.reflect.Constructor.newInstanceWithCaller(Constructor.java:500)
	at java.base/java.lang.reflect.Constructor.newInstance(Constructor.java:481)
	at com.mysql.cj.exceptions.ExceptionFactory.createException(ExceptionFactory.java:61)
	at com.mysql.cj.exceptions.ExceptionFactory.createException(ExceptionFactory.java:105)
	at com.mysql.cj.exceptions.ExceptionFactory.createException(ExceptionFactory.java:151)
	at com.mysql.cj.exceptions.ExceptionFactory.createCommunicationsException(ExceptionFactory.java:167)
	at com.mysql.cj.protocol.a.NativeSocketConnection.connect(NativeSocketConnection.java:89)
	at com.mysql.cj.NativeSession.connect(NativeSession.java:120)
	at com.mysql.cj.jdbc.ConnectionImpl.connectOneTryOnly(ConnectionImpl.java:944)
	at com.mysql.cj.jdbc.ConnectionImpl.createNewIO(ConnectionImpl.java:814)
	... 60 common frames omitted
Caused by: java.net.ConnectException: Connection timed out: getsockopt
	at java.base/sun.nio.ch.Net.pollConnect(Native Method)
	at java.base/sun.nio.ch.Net.pollConnectNow(Net.java:672)
	at java.base/sun.nio.ch.NioSocketImpl.timedFinishConnect(NioSocketImpl.java:554)
	at java.base/sun.nio.ch.NioSocketImpl.connect(NioSocketImpl.java:602)
	at java.base/java.net.SocksSocketImpl.connect(SocksSocketImpl.java:327)
	at java.base/java.net.Socket.connect(Socket.java:639)
	at com.mysql.cj.protocol.StandardSocketFactory.connect(StandardSocketFactory.java:153)
	at com.mysql.cj.protocol.a.NativeSocketConnection.connect(NativeSocketConnection.java:63)
	... 63 common frames omitted
2026-06-23 19:00:58.347 [RMI TCP Connection(1)-192.168.124.50] WARN  o.s.boot.actuate.jdbc.DataSourceHealthIndicator-DataSource health check failed
org.springframework.jdbc.CannotGetJdbcConnectionException: Failed to obtain JDBC Connection
	at org.springframework.jdbc.datasource.DataSourceUtils.getConnection(DataSourceUtils.java:83)
	at org.springframework.jdbc.core.JdbcTemplate.execute(JdbcTemplate.java:330)
	at org.springframework.boot.actuate.jdbc.DataSourceHealthIndicator.getProduct(DataSourceHealthIndicator.java:122)
	at org.springframework.boot.actuate.jdbc.DataSourceHealthIndicator.doDataSourceHealthCheck(DataSourceHealthIndicator.java:105)
	at org.springframework.boot.actuate.jdbc.DataSourceHealthIndicator.doHealthCheck(DataSourceHealthIndicator.java:100)
	at org.springframework.boot.actuate.health.AbstractHealthIndicator.health(AbstractHealthIndicator.java:82)
	at org.springframework.boot.actuate.health.HealthIndicator.getHealth(HealthIndicator.java:37)
	at org.springframework.boot.actuate.health.HealthEndpoint.getHealth(HealthEndpoint.java:82)
	at org.springframework.boot.actuate.health.HealthEndpoint.getHealth(HealthEndpoint.java:41)
	at org.springframework.boot.actuate.health.HealthEndpointSupport.getLoggedHealth(HealthEndpointSupport.java:172)
	at org.springframework.boot.actuate.health.HealthEndpointSupport.getContribution(HealthEndpointSupport.java:145)
	at org.springframework.boot.actuate.health.HealthEndpointSupport.getAggregateContribution(HealthEndpointSupport.java:156)
	at org.springframework.boot.actuate.health.HealthEndpointSupport.getContribution(HealthEndpointSupport.java:141)
	at org.springframework.boot.actuate.health.HealthEndpointSupport.getHealth(HealthEndpointSupport.java:110)
	at org.springframework.boot.actuate.health.HealthEndpointSupport.getHealth(HealthEndpointSupport.java:81)
	at org.springframework.boot.actuate.health.HealthEndpoint.health(HealthEndpoint.java:76)
	at org.springframework.boot.actuate.health.HealthEndpoint.health(HealthEndpoint.java:66)
	at java.base/jdk.internal.reflect.NativeMethodAccessorImpl.invoke0(Native Method)
	at java.base/jdk.internal.reflect.NativeMethodAccessorImpl.invoke(NativeMethodAccessorImpl.java:77)
	at java.base/jdk.internal.reflect.DelegatingMethodAccessorImpl.invoke(DelegatingMethodAccessorImpl.java:43)
	at java.base/java.lang.reflect.Method.invoke(Method.java:569)
	at org.springframework.util.ReflectionUtils.invokeMethod(ReflectionUtils.java:281)
	at org.springframework.boot.actuate.endpoint.invoke.reflect.ReflectiveOperationInvoker.invoke(ReflectiveOperationInvoker.java:74)
	at org.springframework.boot.actuate.endpoint.annotation.AbstractDiscoveredOperation.invoke(AbstractDiscoveredOperation.java:60)
	at org.springframework.boot.actuate.endpoint.jmx.EndpointMBean.invoke(EndpointMBean.java:124)
	at org.springframework.boot.actuate.endpoint.jmx.EndpointMBean.invoke(EndpointMBean.java:97)
	at java.management/com.sun.jmx.interceptor.DefaultMBeanServerInterceptor.invoke(DefaultMBeanServerInterceptor.java:814)
	at java.management/com.sun.jmx.mbeanserver.JmxMBeanServer.invoke(JmxMBeanServer.java:802)
	at java.management.rmi/javax.management.remote.rmi.RMIConnectionImpl.doOperation(RMIConnectionImpl.java:1472)
	at java.management.rmi/javax.management.remote.rmi.RMIConnectionImpl$PrivilegedOperation.run(RMIConnectionImpl.java:1310)
	at java.management.rmi/javax.management.remote.rmi.RMIConnectionImpl.doPrivilegedOperation(RMIConnectionImpl.java:1405)
	at java.management.rmi/javax.management.remote.rmi.RMIConnectionImpl.invoke(RMIConnectionImpl.java:829)
	at java.base/jdk.internal.reflect.GeneratedMethodAccessor39.invoke(Unknown Source)
	at java.base/jdk.internal.reflect.DelegatingMethodAccessorImpl.invoke(DelegatingMethodAccessorImpl.java:43)
	at java.base/java.lang.reflect.Method.invoke(Method.java:569)
	at java.rmi/sun.rmi.server.UnicastServerRef.dispatch(UnicastServerRef.java:360)
	at java.rmi/sun.rmi.transport.Transport$1.run(Transport.java:200)
	at java.rmi/sun.rmi.transport.Transport$1.run(Transport.java:197)
	at java.base/java.security.AccessController.doPrivileged(AccessController.java:712)
	at java.rmi/sun.rmi.transport.Transport.serviceCall(Transport.java:196)
	at java.rmi/sun.rmi.transport.tcp.TCPTransport.handleMessages(TCPTransport.java:587)
	at java.rmi/sun.rmi.transport.tcp.TCPTransport$ConnectionHandler.run0(TCPTransport.java:828)
	at java.rmi/sun.rmi.transport.tcp.TCPTransport$ConnectionHandler.lambda$run$0(TCPTransport.java:705)
	at java.base/java.security.AccessController.doPrivileged(AccessController.java:399)
	at java.rmi/sun.rmi.transport.tcp.TCPTransport$ConnectionHandler.run(TCPTransport.java:704)
	at java.base/java.util.concurrent.ThreadPoolExecutor.runWorker(ThreadPoolExecutor.java:1136)
	at java.base/java.util.concurrent.ThreadPoolExecutor$Worker.run(ThreadPoolExecutor.java:635)
	at java.base/java.lang.Thread.run(Thread.java:840)
Caused by: com.mysql.cj.jdbc.exceptions.CommunicationsException: Communications link failure

The last packet sent successfully to the server was 0 milliseconds ago. The driver has not received any packets from the server.
	at com.mysql.cj.jdbc.exceptions.SQLError.createCommunicationsException(SQLError.java:174)
	at com.mysql.cj.jdbc.exceptions.SQLExceptionsMapping.translateException(SQLExceptionsMapping.java:64)
	at com.mysql.cj.jdbc.ConnectionImpl.createNewIO(ConnectionImpl.java:824)
	at com.mysql.cj.jdbc.ConnectionImpl.<init>(ConnectionImpl.java:444)
	at com.mysql.cj.jdbc.ConnectionImpl.getInstance(ConnectionImpl.java:237)
	at com.mysql.cj.jdbc.NonRegisteringDriver.connect(NonRegisteringDriver.java:198)
	at com.zaxxer.hikari.util.DriverDataSource.getConnection(DriverDataSource.java:138)
	at com.zaxxer.hikari.pool.PoolBase.newConnection(PoolBase.java:359)
	at com.zaxxer.hikari.pool.PoolBase.newPoolEntry(PoolBase.java:201)
	at com.zaxxer.hikari.pool.HikariPool.createPoolEntry(HikariPool.java:470)
	at com.zaxxer.hikari.pool.HikariPool.checkFailFast(HikariPool.java:561)
	at com.zaxxer.hikari.pool.HikariPool.<init>(HikariPool.java:100)
	at com.zaxxer.hikari.HikariDataSource.getConnection(HikariDataSource.java:112)
	at org.springframework.jdbc.datasource.DataSourceUtils.fetchConnection(DataSourceUtils.java:159)
	at org.springframework.jdbc.datasource.DataSourceUtils.doGetConnection(DataSourceUtils.java:117)
	at org.springframework.jdbc.datasource.DataSourceUtils.getConnection(DataSourceUtils.java:80)
	... 47 common frames omitted
Caused by: com.mysql.cj.exceptions.CJCommunicationsException: Communications link failure

The last packet sent successfully to the server was 0 milliseconds ago. The driver has not received any packets from the server.
	at java.base/jdk.internal.reflect.NativeConstructorAccessorImpl.newInstance0(Native Method)
	at java.base/jdk.internal.reflect.NativeConstructorAccessorImpl.newInstance(NativeConstructorAccessorImpl.java:77)
	at java.base/jdk.internal.reflect.DelegatingConstructorAccessorImpl.newInstance(DelegatingConstructorAccessorImpl.java:45)
	at java.base/java.lang.reflect.Constructor.newInstanceWithCaller(Constructor.java:500)
	at java.base/java.lang.reflect.Constructor.newInstance(Constructor.java:481)
	at com.mysql.cj.exceptions.ExceptionFactory.createException(ExceptionFactory.java:61)
	at com.mysql.cj.exceptions.ExceptionFactory.createException(ExceptionFactory.java:105)
	at com.mysql.cj.exceptions.ExceptionFactory.createException(ExceptionFactory.java:151)
	at com.mysql.cj.exceptions.ExceptionFactory.createCommunicationsException(ExceptionFactory.java:167)
	at com.mysql.cj.protocol.a.NativeSocketConnection.connect(NativeSocketConnection.java:89)
	at com.mysql.cj.NativeSession.connect(NativeSession.java:120)
	at com.mysql.cj.jdbc.ConnectionImpl.connectOneTryOnly(ConnectionImpl.java:944)
	at com.mysql.cj.jdbc.ConnectionImpl.createNewIO(ConnectionImpl.java:814)
	... 60 common frames omitted
Caused by: java.net.ConnectException: Connection timed out: getsockopt
	at java.base/sun.nio.ch.Net.pollConnect(Native Method)
	at java.base/sun.nio.ch.Net.pollConnectNow(Net.java:672)
	at java.base/sun.nio.ch.NioSocketImpl.timedFinishConnect(NioSocketImpl.java:554)
	at java.base/sun.nio.ch.NioSocketImpl.connect(NioSocketImpl.java:602)
	at java.base/java.net.SocksSocketImpl.connect(SocksSocketImpl.java:327)
	at java.base/java.net.Socket.connect(Socket.java:639)
	at com.mysql.cj.protocol.StandardSocketFactory.connect(StandardSocketFactory.java:153)
	at com.mysql.cj.protocol.a.NativeSocketConnection.connect(NativeSocketConnection.java:63)
	... 63 common frames omitted
2026-06-23 19:00:58.347 [RMI TCP Connection(1)-192.168.124.50] WARN  o.s.boot.actuate.health.HealthEndpointSupport-Health contributor org.springframework.boot.actuate.jdbc.DataSourceHealthIndicator (db) took 22046ms to respond
2026-06-23 19:01:08.359 [boundedElastic-1] WARN  o.s.b.a.data.redis.RedisReactiveHealthIndicator-Redis health check failed
org.springframework.data.redis.RedisConnectionFailureException: Unable to connect to Redis
	at org.springframework.data.redis.connection.lettuce.LettuceConnectionFactory$ExceptionTranslatingConnectionProvider.translateException(LettuceConnectionFactory.java:1602)
	at org.springframework.data.redis.connection.lettuce.LettuceConnectionFactory$ExceptionTranslatingConnectionProvider.getConnection(LettuceConnectionFactory.java:1533)
	at org.springframework.data.redis.connection.lettuce.LettuceConnectionFactory$SharedConnection.getNativeConnection(LettuceConnectionFactory.java:1358)
	at org.springframework.data.redis.connection.lettuce.LettuceConnectionFactory$SharedConnection.getConnection(LettuceConnectionFactory.java:1341)
	at org.springframework.data.redis.connection.lettuce.LettuceConnectionFactory.getSharedReactiveConnection(LettuceConnectionFactory.java:1083)
	at org.springframework.data.redis.connection.lettuce.LettuceConnectionFactory.getReactiveConnection(LettuceConnectionFactory.java:479)
	at org.springframework.data.redis.connection.lettuce.LettuceConnectionFactory.getReactiveConnection(LettuceConnectionFactory.java:105)
	at reactor.core.publisher.MonoSupplier.call(MonoSupplier.java:67)
	at reactor.core.publisher.FluxSubscribeOnCallable$CallableSubscribeOnSubscription.run(FluxSubscribeOnCallable.java:227)
	at reactor.core.scheduler.SchedulerTask.call(SchedulerTask.java:68)
	at reactor.core.scheduler.SchedulerTask.call(SchedulerTask.java:28)
	at java.base/java.util.concurrent.FutureTask.run(FutureTask.java:264)
	at java.base/java.util.concurrent.ScheduledThreadPoolExecutor$ScheduledFutureTask.run(ScheduledThreadPoolExecutor.java:304)
	at java.base/java.util.concurrent.ThreadPoolExecutor.runWorker(ThreadPoolExecutor.java:1136)
	at java.base/java.util.concurrent.ThreadPoolExecutor$Worker.run(ThreadPoolExecutor.java:635)
	at java.base/java.lang.Thread.run(Thread.java:840)
Caused by: io.lettuce.core.RedisConnectionException: Unable to connect to 192.168.100.101/<unresolved>:6379
	at io.lettuce.core.RedisConnectionException.create(RedisConnectionException.java:78)
	at io.lettuce.core.RedisConnectionException.create(RedisConnectionException.java:56)
	at io.lettuce.core.AbstractRedisClient.getConnection(AbstractRedisClient.java:350)
	at io.lettuce.core.RedisClient.connect(RedisClient.java:216)
	at org.springframework.data.redis.connection.lettuce.StandaloneConnectionProvider.lambda$getConnection$1(StandaloneConnectionProvider.java:111)
	at java.base/java.util.Optional.orElseGet(Optional.java:364)
	at org.springframework.data.redis.connection.lettuce.StandaloneConnectionProvider.getConnection(StandaloneConnectionProvider.java:111)
	at org.springframework.data.redis.connection.lettuce.LettuceConnectionFactory$ExceptionTranslatingConnectionProvider.getConnection(LettuceConnectionFactory.java:1531)
	... 14 common frames omitted
Caused by: io.netty.channel.ConnectTimeoutException: connection timed out: /192.168.100.101:6379
	at io.netty.channel.nio.AbstractNioChannel$AbstractNioUnsafe$1.run(AbstractNioChannel.java:261)
	at io.netty.util.concurrent.PromiseTask.runTask(PromiseTask.java:98)
	at io.netty.util.concurrent.ScheduledFutureTask.run(ScheduledFutureTask.java:153)
	at io.netty.util.concurrent.AbstractEventExecutor.runTask(AbstractEventExecutor.java:174)
	at io.netty.util.concurrent.AbstractEventExecutor.safeExecute(AbstractEventExecutor.java:167)
	at io.netty.util.concurrent.SingleThreadEventExecutor.runAllTasks(SingleThreadEventExecutor.java:470)
	at io.netty.channel.nio.NioEventLoop.run(NioEventLoop.java:569)
	at io.netty.util.concurrent.SingleThreadEventExecutor$4.run(SingleThreadEventExecutor.java:997)
	at io.netty.util.internal.ThreadExecutorMap$2.run(ThreadExecutorMap.java:74)
	at io.netty.util.concurrent.FastThreadLocalRunnable.run(FastThreadLocalRunnable.java:30)
	... 1 common frames omitted
2026-06-23 19:01:08.362 [RMI TCP Connection(1)-192.168.124.50] WARN  o.s.boot.actuate.health.HealthEndpointSupport-Health contributor org.springframework.boot.actuate.autoconfigure.health.HealthEndpointConfiguration$AdaptedReactiveHealthContributors$1 (redis) took 10014ms to respond
2026-06-23 19:01:23.374 [RMI TCP Connection(1)-192.168.124.50] INFO  com.zaxxer.hikari.HikariDataSource-SPHHikariPool - Starting...
2026-06-23 19:01:45.393 [RMI TCP Connection(1)-192.168.124.50] ERROR com.zaxxer.hikari.pool.HikariPool-SPHHikariPool - Exception during pool initialization.
com.mysql.cj.jdbc.exceptions.CommunicationsException: Communications link failure

The last packet sent successfully to the server was 0 milliseconds ago. The driver has not received any packets from the server.
	at com.mysql.cj.jdbc.exceptions.SQLError.createCommunicationsException(SQLError.java:174)
	at com.mysql.cj.jdbc.exceptions.SQLExceptionsMapping.translateException(SQLExceptionsMapping.java:64)
	at com.mysql.cj.jdbc.ConnectionImpl.createNewIO(ConnectionImpl.java:824)
	at com.mysql.cj.jdbc.ConnectionImpl.<init>(ConnectionImpl.java:444)
	at com.mysql.cj.jdbc.ConnectionImpl.getInstance(ConnectionImpl.java:237)
	at com.mysql.cj.jdbc.NonRegisteringDriver.connect(NonRegisteringDriver.java:198)
	at com.zaxxer.hikari.util.DriverDataSource.getConnection(DriverDataSource.java:138)
	at com.zaxxer.hikari.pool.PoolBase.newConnection(PoolBase.java:359)
	at com.zaxxer.hikari.pool.PoolBase.newPoolEntry(PoolBase.java:201)
	at com.zaxxer.hikari.pool.HikariPool.createPoolEntry(HikariPool.java:470)
	at com.zaxxer.hikari.pool.HikariPool.checkFailFast(HikariPool.java:561)
	at com.zaxxer.hikari.pool.HikariPool.<init>(HikariPool.java:100)
	at com.zaxxer.hikari.HikariDataSource.getConnection(HikariDataSource.java:112)
	at org.springframework.jdbc.datasource.DataSourceUtils.fetchConnection(DataSourceUtils.java:159)
	at org.springframework.jdbc.datasource.DataSourceUtils.doGetConnection(DataSourceUtils.java:117)
	at org.springframework.jdbc.datasource.DataSourceUtils.getConnection(DataSourceUtils.java:80)
	at org.springframework.jdbc.core.JdbcTemplate.execute(JdbcTemplate.java:330)
	at org.springframework.boot.actuate.jdbc.DataSourceHealthIndicator.getProduct(DataSourceHealthIndicator.java:122)
	at org.springframework.boot.actuate.jdbc.DataSourceHealthIndicator.doDataSourceHealthCheck(DataSourceHealthIndicator.java:105)
	at org.springframework.boot.actuate.jdbc.DataSourceHealthIndicator.doHealthCheck(DataSourceHealthIndicator.java:100)
	at org.springframework.boot.actuate.health.AbstractHealthIndicator.health(AbstractHealthIndicator.java:82)
	at org.springframework.boot.actuate.health.HealthIndicator.getHealth(HealthIndicator.java:37)
	at org.springframework.boot.actuate.health.HealthEndpoint.getHealth(HealthEndpoint.java:82)
	at org.springframework.boot.actuate.health.HealthEndpoint.getHealth(HealthEndpoint.java:41)
	at org.springframework.boot.actuate.health.HealthEndpointSupport.getLoggedHealth(HealthEndpointSupport.java:172)
	at org.springframework.boot.actuate.health.HealthEndpointSupport.getContribution(HealthEndpointSupport.java:145)
	at org.springframework.boot.actuate.health.HealthEndpointSupport.getAggregateContribution(HealthEndpointSupport.java:156)
	at org.springframework.boot.actuate.health.HealthEndpointSupport.getContribution(HealthEndpointSupport.java:141)
	at org.springframework.boot.actuate.health.HealthEndpointSupport.getHealth(HealthEndpointSupport.java:110)
	at org.springframework.boot.actuate.health.HealthEndpointSupport.getHealth(HealthEndpointSupport.java:81)
	at org.springframework.boot.actuate.health.HealthEndpoint.health(HealthEndpoint.java:76)
	at org.springframework.boot.actuate.health.HealthEndpoint.health(HealthEndpoint.java:66)
	at java.base/jdk.internal.reflect.NativeMethodAccessorImpl.invoke0(Native Method)
	at java.base/jdk.internal.reflect.NativeMethodAccessorImpl.invoke(NativeMethodAccessorImpl.java:77)
	at java.base/jdk.internal.reflect.DelegatingMethodAccessorImpl.invoke(DelegatingMethodAccessorImpl.java:43)
	at java.base/java.lang.reflect.Method.invoke(Method.java:569)
	at org.springframework.util.ReflectionUtils.invokeMethod(ReflectionUtils.java:281)
	at org.springframework.boot.actuate.endpoint.invoke.reflect.ReflectiveOperationInvoker.invoke(ReflectiveOperationInvoker.java:74)
	at org.springframework.boot.actuate.endpoint.annotation.AbstractDiscoveredOperation.invoke(AbstractDiscoveredOperation.java:60)
	at org.springframework.boot.actuate.endpoint.jmx.EndpointMBean.invoke(EndpointMBean.java:124)
	at org.springframework.boot.actuate.endpoint.jmx.EndpointMBean.invoke(EndpointMBean.java:97)
	at java.management/com.sun.jmx.interceptor.DefaultMBeanServerInterceptor.invoke(DefaultMBeanServerInterceptor.java:814)
	at java.management/com.sun.jmx.mbeanserver.JmxMBeanServer.invoke(JmxMBeanServer.java:802)
	at java.management.rmi/javax.management.remote.rmi.RMIConnectionImpl.doOperation(RMIConnectionImpl.java:1472)
	at java.management.rmi/javax.management.remote.rmi.RMIConnectionImpl$PrivilegedOperation.run(RMIConnectionImpl.java:1310)
	at java.management.rmi/javax.management.remote.rmi.RMIConnectionImpl.doPrivilegedOperation(RMIConnectionImpl.java:1405)
	at java.management.rmi/javax.management.remote.rmi.RMIConnectionImpl.invoke(RMIConnectionImpl.java:829)
	at java.base/jdk.internal.reflect.GeneratedMethodAccessor39.invoke(Unknown Source)
	at java.base/jdk.internal.reflect.DelegatingMethodAccessorImpl.invoke(DelegatingMethodAccessorImpl.java:43)
	at java.base/java.lang.reflect.Method.invoke(Method.java:569)
	at java.rmi/sun.rmi.server.UnicastServerRef.dispatch(UnicastServerRef.java:360)
	at java.rmi/sun.rmi.transport.Transport$1.run(Transport.java:200)
	at java.rmi/sun.rmi.transport.Transport$1.run(Transport.java:197)
	at java.base/java.security.AccessController.doPrivileged(AccessController.java:712)
	at java.rmi/sun.rmi.transport.Transport.serviceCall(Transport.java:196)
	at java.rmi/sun.rmi.transport.tcp.TCPTransport.handleMessages(TCPTransport.java:587)
	at java.rmi/sun.rmi.transport.tcp.TCPTransport$ConnectionHandler.run0(TCPTransport.java:828)
	at java.rmi/sun.rmi.transport.tcp.TCPTransport$ConnectionHandler.lambda$run$0(TCPTransport.java:705)
	at java.base/java.security.AccessController.doPrivileged(AccessController.java:399)
	at java.rmi/sun.rmi.transport.tcp.TCPTransport$ConnectionHandler.run(TCPTransport.java:704)
	at java.base/java.util.concurrent.ThreadPoolExecutor.runWorker(ThreadPoolExecutor.java:1136)
	at java.base/java.util.concurrent.ThreadPoolExecutor$Worker.run(ThreadPoolExecutor.java:635)
	at java.base/java.lang.Thread.run(Thread.java:840)
Caused by: com.mysql.cj.exceptions.CJCommunicationsException: Communications link failure

The last packet sent successfully to the server was 0 milliseconds ago. The driver has not received any packets from the server.
	at java.base/jdk.internal.reflect.NativeConstructorAccessorImpl.newInstance0(Native Method)
	at java.base/jdk.internal.reflect.NativeConstructorAccessorImpl.newInstance(NativeConstructorAccessorImpl.java:77)
	at java.base/jdk.internal.reflect.DelegatingConstructorAccessorImpl.newInstance(DelegatingConstructorAccessorImpl.java:45)
	at java.base/java.lang.reflect.Constructor.newInstanceWithCaller(Constructor.java:500)
	at java.base/java.lang.reflect.Constructor.newInstance(Constructor.java:481)
	at com.mysql.cj.exceptions.ExceptionFactory.createException(ExceptionFactory.java:61)
	at com.mysql.cj.exceptions.ExceptionFactory.createException(ExceptionFactory.java:105)
	at com.mysql.cj.exceptions.ExceptionFactory.createException(ExceptionFactory.java:151)
	at com.mysql.cj.exceptions.ExceptionFactory.createCommunicationsException(ExceptionFactory.java:167)
	at com.mysql.cj.protocol.a.NativeSocketConnection.connect(NativeSocketConnection.java:89)
	at com.mysql.cj.NativeSession.connect(NativeSession.java:120)
	at com.mysql.cj.jdbc.ConnectionImpl.connectOneTryOnly(ConnectionImpl.java:944)
	at com.mysql.cj.jdbc.ConnectionImpl.createNewIO(ConnectionImpl.java:814)
	... 60 common frames omitted
Caused by: java.net.ConnectException: Connection timed out: getsockopt
	at java.base/sun.nio.ch.Net.pollConnect(Native Method)
	at java.base/sun.nio.ch.Net.pollConnectNow(Net.java:672)
	at java.base/sun.nio.ch.NioSocketImpl.timedFinishConnect(NioSocketImpl.java:554)
	at java.base/sun.nio.ch.NioSocketImpl.connect(NioSocketImpl.java:602)
	at java.base/java.net.SocksSocketImpl.connect(SocksSocketImpl.java:327)
	at java.base/java.net.Socket.connect(Socket.java:639)
	at com.mysql.cj.protocol.StandardSocketFactory.connect(StandardSocketFactory.java:153)
	at com.mysql.cj.protocol.a.NativeSocketConnection.connect(NativeSocketConnection.java:63)
	... 63 common frames omitted
2026-06-23 19:01:45.394 [RMI TCP Connection(1)-192.168.124.50] WARN  o.s.boot.actuate.jdbc.DataSourceHealthIndicator-DataSource health check failed
org.springframework.jdbc.CannotGetJdbcConnectionException: Failed to obtain JDBC Connection
	at org.springframework.jdbc.datasource.DataSourceUtils.getConnection(DataSourceUtils.java:83)
	at org.springframework.jdbc.core.JdbcTemplate.execute(JdbcTemplate.java:330)
	at org.springframework.boot.actuate.jdbc.DataSourceHealthIndicator.getProduct(DataSourceHealthIndicator.java:122)
	at org.springframework.boot.actuate.jdbc.DataSourceHealthIndicator.doDataSourceHealthCheck(DataSourceHealthIndicator.java:105)
	at org.springframework.boot.actuate.jdbc.DataSourceHealthIndicator.doHealthCheck(DataSourceHealthIndicator.java:100)
	at org.springframework.boot.actuate.health.AbstractHealthIndicator.health(AbstractHealthIndicator.java:82)
	at org.springframework.boot.actuate.health.HealthIndicator.getHealth(HealthIndicator.java:37)
	at org.springframework.boot.actuate.health.HealthEndpoint.getHealth(HealthEndpoint.java:82)
	at org.springframework.boot.actuate.health.HealthEndpoint.getHealth(HealthEndpoint.java:41)
	at org.springframework.boot.actuate.health.HealthEndpointSupport.getLoggedHealth(HealthEndpointSupport.java:172)
	at org.springframework.boot.actuate.health.HealthEndpointSupport.getContribution(HealthEndpointSupport.java:145)
	at org.springframework.boot.actuate.health.HealthEndpointSupport.getAggregateContribution(HealthEndpointSupport.java:156)
	at org.springframework.boot.actuate.health.HealthEndpointSupport.getContribution(HealthEndpointSupport.java:141)
	at org.springframework.boot.actuate.health.HealthEndpointSupport.getHealth(HealthEndpointSupport.java:110)
	at org.springframework.boot.actuate.health.HealthEndpointSupport.getHealth(HealthEndpointSupport.java:81)
	at org.springframework.boot.actuate.health.HealthEndpoint.health(HealthEndpoint.java:76)
	at org.springframework.boot.actuate.health.HealthEndpoint.health(HealthEndpoint.java:66)
	at java.base/jdk.internal.reflect.NativeMethodAccessorImpl.invoke0(Native Method)
	at java.base/jdk.internal.reflect.NativeMethodAccessorImpl.invoke(NativeMethodAccessorImpl.java:77)
	at java.base/jdk.internal.reflect.DelegatingMethodAccessorImpl.invoke(DelegatingMethodAccessorImpl.java:43)
	at java.base/java.lang.reflect.Method.invoke(Method.java:569)
	at org.springframework.util.ReflectionUtils.invokeMethod(ReflectionUtils.java:281)
	at org.springframework.boot.actuate.endpoint.invoke.reflect.ReflectiveOperationInvoker.invoke(ReflectiveOperationInvoker.java:74)
	at org.springframework.boot.actuate.endpoint.annotation.AbstractDiscoveredOperation.invoke(AbstractDiscoveredOperation.java:60)
	at org.springframework.boot.actuate.endpoint.jmx.EndpointMBean.invoke(EndpointMBean.java:124)
	at org.springframework.boot.actuate.endpoint.jmx.EndpointMBean.invoke(EndpointMBean.java:97)
	at java.management/com.sun.jmx.interceptor.DefaultMBeanServerInterceptor.invoke(DefaultMBeanServerInterceptor.java:814)
	at java.management/com.sun.jmx.mbeanserver.JmxMBeanServer.invoke(JmxMBeanServer.java:802)
	at java.management.rmi/javax.management.remote.rmi.RMIConnectionImpl.doOperation(RMIConnectionImpl.java:1472)
	at java.management.rmi/javax.management.remote.rmi.RMIConnectionImpl$PrivilegedOperation.run(RMIConnectionImpl.java:1310)
	at java.management.rmi/javax.management.remote.rmi.RMIConnectionImpl.doPrivilegedOperation(RMIConnectionImpl.java:1405)
	at java.management.rmi/javax.management.remote.rmi.RMIConnectionImpl.invoke(RMIConnectionImpl.java:829)
	at java.base/jdk.internal.reflect.GeneratedMethodAccessor39.invoke(Unknown Source)
	at java.base/jdk.internal.reflect.DelegatingMethodAccessorImpl.invoke(DelegatingMethodAccessorImpl.java:43)
	at java.base/java.lang.reflect.Method.invoke(Method.java:569)
	at java.rmi/sun.rmi.server.UnicastServerRef.dispatch(UnicastServerRef.java:360)
	at java.rmi/sun.rmi.transport.Transport$1.run(Transport.java:200)
	at java.rmi/sun.rmi.transport.Transport$1.run(Transport.java:197)
	at java.base/java.security.AccessController.doPrivileged(AccessController.java:712)
	at java.rmi/sun.rmi.transport.Transport.serviceCall(Transport.java:196)
	at java.rmi/sun.rmi.transport.tcp.TCPTransport.handleMessages(TCPTransport.java:587)
	at java.rmi/sun.rmi.transport.tcp.TCPTransport$ConnectionHandler.run0(TCPTransport.java:828)
	at java.rmi/sun.rmi.transport.tcp.TCPTransport$ConnectionHandler.lambda$run$0(TCPTransport.java:705)
	at java.base/java.security.AccessController.doPrivileged(AccessController.java:399)
	at java.rmi/sun.rmi.transport.tcp.TCPTransport$ConnectionHandler.run(TCPTransport.java:704)
	at java.base/java.util.concurrent.ThreadPoolExecutor.runWorker(ThreadPoolExecutor.java:1136)
	at java.base/java.util.concurrent.ThreadPoolExecutor$Worker.run(ThreadPoolExecutor.java:635)
	at java.base/java.lang.Thread.run(Thread.java:840)
Caused by: com.mysql.cj.jdbc.exceptions.CommunicationsException: Communications link failure

The last packet sent successfully to the server was 0 milliseconds ago. The driver has not received any packets from the server.
	at com.mysql.cj.jdbc.exceptions.SQLError.createCommunicationsException(SQLError.java:174)
	at com.mysql.cj.jdbc.exceptions.SQLExceptionsMapping.translateException(SQLExceptionsMapping.java:64)
	at com.mysql.cj.jdbc.ConnectionImpl.createNewIO(ConnectionImpl.java:824)
	at com.mysql.cj.jdbc.ConnectionImpl.<init>(ConnectionImpl.java:444)
	at com.mysql.cj.jdbc.ConnectionImpl.getInstance(ConnectionImpl.java:237)
	at com.mysql.cj.jdbc.NonRegisteringDriver.connect(NonRegisteringDriver.java:198)
	at com.zaxxer.hikari.util.DriverDataSource.getConnection(DriverDataSource.java:138)
	at com.zaxxer.hikari.pool.PoolBase.newConnection(PoolBase.java:359)
	at com.zaxxer.hikari.pool.PoolBase.newPoolEntry(PoolBase.java:201)
	at com.zaxxer.hikari.pool.HikariPool.createPoolEntry(HikariPool.java:470)
	at com.zaxxer.hikari.pool.HikariPool.checkFailFast(HikariPool.java:561)
	at com.zaxxer.hikari.pool.HikariPool.<init>(HikariPool.java:100)
	at com.zaxxer.hikari.HikariDataSource.getConnection(HikariDataSource.java:112)
	at org.springframework.jdbc.datasource.DataSourceUtils.fetchConnection(DataSourceUtils.java:159)
	at org.springframework.jdbc.datasource.DataSourceUtils.doGetConnection(DataSourceUtils.java:117)
	at org.springframework.jdbc.datasource.DataSourceUtils.getConnection(DataSourceUtils.java:80)
	... 47 common frames omitted
Caused by: com.mysql.cj.exceptions.CJCommunicationsException: Communications link failure

The last packet sent successfully to the server was 0 milliseconds ago. The driver has not received any packets from the server.
	at java.base/jdk.internal.reflect.NativeConstructorAccessorImpl.newInstance0(Native Method)
	at java.base/jdk.internal.reflect.NativeConstructorAccessorImpl.newInstance(NativeConstructorAccessorImpl.java:77)
	at java.base/jdk.internal.reflect.DelegatingConstructorAccessorImpl.newInstance(DelegatingConstructorAccessorImpl.java:45)
	at java.base/java.lang.reflect.Constructor.newInstanceWithCaller(Constructor.java:500)
	at java.base/java.lang.reflect.Constructor.newInstance(Constructor.java:481)
	at com.mysql.cj.exceptions.ExceptionFactory.createException(ExceptionFactory.java:61)
	at com.mysql.cj.exceptions.ExceptionFactory.createException(ExceptionFactory.java:105)
	at com.mysql.cj.exceptions.ExceptionFactory.createException(ExceptionFactory.java:151)
	at com.mysql.cj.exceptions.ExceptionFactory.createCommunicationsException(ExceptionFactory.java:167)
	at com.mysql.cj.protocol.a.NativeSocketConnection.connect(NativeSocketConnection.java:89)
	at com.mysql.cj.NativeSession.connect(NativeSession.java:120)
	at com.mysql.cj.jdbc.ConnectionImpl.connectOneTryOnly(ConnectionImpl.java:944)
	at com.mysql.cj.jdbc.ConnectionImpl.createNewIO(ConnectionImpl.java:814)
	... 60 common frames omitted
Caused by: java.net.ConnectException: Connection timed out: getsockopt
	at java.base/sun.nio.ch.Net.pollConnect(Native Method)
	at java.base/sun.nio.ch.Net.pollConnectNow(Net.java:672)
	at java.base/sun.nio.ch.NioSocketImpl.timedFinishConnect(NioSocketImpl.java:554)
	at java.base/sun.nio.ch.NioSocketImpl.connect(NioSocketImpl.java:602)
	at java.base/java.net.SocksSocketImpl.connect(SocksSocketImpl.java:327)
	at java.base/java.net.Socket.connect(Socket.java:639)
	at com.mysql.cj.protocol.StandardSocketFactory.connect(StandardSocketFactory.java:153)
	at com.mysql.cj.protocol.a.NativeSocketConnection.connect(NativeSocketConnection.java:63)
	... 63 common frames omitted
2026-06-23 19:01:45.395 [RMI TCP Connection(1)-192.168.124.50] WARN  o.s.boot.actuate.health.HealthEndpointSupport-Health contributor org.springframework.boot.actuate.jdbc.DataSourceHealthIndicator (db) took 22021ms to respond
2026-06-23 19:01:55.398 [boundedElastic-1] WARN  o.s.b.a.data.redis.RedisReactiveHealthIndicator-Redis health check failed
org.springframework.data.redis.RedisConnectionFailureException: Unable to connect to Redis
	at org.springframework.data.redis.connection.lettuce.LettuceConnectionFactory$ExceptionTranslatingConnectionProvider.translateException(LettuceConnectionFactory.java:1602)
	at org.springframework.data.redis.connection.lettuce.LettuceConnectionFactory$ExceptionTranslatingConnectionProvider.getConnection(LettuceConnectionFactory.java:1533)
	at org.springframework.data.redis.connection.lettuce.LettuceConnectionFactory$SharedConnection.getNativeConnection(LettuceConnectionFactory.java:1358)
	at org.springframework.data.redis.connection.lettuce.LettuceConnectionFactory$SharedConnection.getConnection(LettuceConnectionFactory.java:1341)
	at org.springframework.data.redis.connection.lettuce.LettuceConnectionFactory.getSharedReactiveConnection(LettuceConnectionFactory.java:1083)
	at org.springframework.data.redis.connection.lettuce.LettuceConnectionFactory.getReactiveConnection(LettuceConnectionFactory.java:479)
	at org.springframework.data.redis.connection.lettuce.LettuceConnectionFactory.getReactiveConnection(LettuceConnectionFactory.java:105)
	at reactor.core.publisher.MonoSupplier.call(MonoSupplier.java:67)
	at reactor.core.publisher.FluxSubscribeOnCallable$CallableSubscribeOnSubscription.run(FluxSubscribeOnCallable.java:227)
	at reactor.core.scheduler.SchedulerTask.call(SchedulerTask.java:68)
	at reactor.core.scheduler.SchedulerTask.call(SchedulerTask.java:28)
	at java.base/java.util.concurrent.FutureTask.run(FutureTask.java:264)
	at java.base/java.util.concurrent.ScheduledThreadPoolExecutor$ScheduledFutureTask.run(ScheduledThreadPoolExecutor.java:304)
	at java.base/java.util.concurrent.ThreadPoolExecutor.runWorker(ThreadPoolExecutor.java:1136)
	at java.base/java.util.concurrent.ThreadPoolExecutor$Worker.run(ThreadPoolExecutor.java:635)
	at java.base/java.lang.Thread.run(Thread.java:840)
Caused by: io.lettuce.core.RedisConnectionException: Unable to connect to 192.168.100.101/<unresolved>:6379
	at io.lettuce.core.RedisConnectionException.create(RedisConnectionException.java:78)
	at io.lettuce.core.RedisConnectionException.create(RedisConnectionException.java:56)
	at io.lettuce.core.AbstractRedisClient.getConnection(AbstractRedisClient.java:350)
	at io.lettuce.core.RedisClient.connect(RedisClient.java:216)
	at org.springframework.data.redis.connection.lettuce.StandaloneConnectionProvider.lambda$getConnection$1(StandaloneConnectionProvider.java:111)
	at java.base/java.util.Optional.orElseGet(Optional.java:364)
	at org.springframework.data.redis.connection.lettuce.StandaloneConnectionProvider.getConnection(StandaloneConnectionProvider.java:111)
	at org.springframework.data.redis.connection.lettuce.LettuceConnectionFactory$ExceptionTranslatingConnectionProvider.getConnection(LettuceConnectionFactory.java:1531)
	... 14 common frames omitted
Caused by: io.netty.channel.ConnectTimeoutException: connection timed out: /192.168.100.101:6379
	at io.netty.channel.nio.AbstractNioChannel$AbstractNioUnsafe$1.run(AbstractNioChannel.java:261)
	at io.netty.util.concurrent.PromiseTask.runTask(PromiseTask.java:98)
	at io.netty.util.concurrent.ScheduledFutureTask.run(ScheduledFutureTask.java:153)
	at io.netty.util.concurrent.AbstractEventExecutor.runTask(AbstractEventExecutor.java:174)
	at io.netty.util.concurrent.AbstractEventExecutor.safeExecute(AbstractEventExecutor.java:167)
	at io.netty.util.concurrent.SingleThreadEventExecutor.runAllTasks(SingleThreadEventExecutor.java:470)
	at io.netty.channel.nio.NioEventLoop.run(NioEventLoop.java:569)
	at io.netty.util.concurrent.SingleThreadEventExecutor$4.run(SingleThreadEventExecutor.java:997)
	at io.netty.util.internal.ThreadExecutorMap$2.run(ThreadExecutorMap.java:74)
	at io.netty.util.concurrent.FastThreadLocalRunnable.run(FastThreadLocalRunnable.java:30)
	... 1 common frames omitted
2026-06-23 19:01:55.399 [RMI TCP Connection(1)-192.168.124.50] WARN  o.s.boot.actuate.health.HealthEndpointSupport-Health contributor org.springframework.boot.actuate.autoconfigure.health.HealthEndpointConfiguration$AdaptedReactiveHealthContributors$1 (redis) took 10002ms to respond
2026-06-23 19:02:10.422 [RMI TCP Connection(1)-192.168.124.50] INFO  com.zaxxer.hikari.HikariDataSource-SPHHikariPool - Starting...
2026-06-23 19:02:32.461 [RMI TCP Connection(1)-192.168.124.50] ERROR com.zaxxer.hikari.pool.HikariPool-SPHHikariPool - Exception during pool initialization.
com.mysql.cj.jdbc.exceptions.CommunicationsException: Communications link failure

The last packet sent successfully to the server was 0 milliseconds ago. The driver has not received any packets from the server.
	at com.mysql.cj.jdbc.exceptions.SQLError.createCommunicationsException(SQLError.java:174)
	at com.mysql.cj.jdbc.exceptions.SQLExceptionsMapping.translateException(SQLExceptionsMapping.java:64)
	at com.mysql.cj.jdbc.ConnectionImpl.createNewIO(ConnectionImpl.java:824)
	at com.mysql.cj.jdbc.ConnectionImpl.<init>(ConnectionImpl.java:444)
	at com.mysql.cj.jdbc.ConnectionImpl.getInstance(ConnectionImpl.java:237)
	at com.mysql.cj.jdbc.NonRegisteringDriver.connect(NonRegisteringDriver.java:198)
	at com.zaxxer.hikari.util.DriverDataSource.getConnection(DriverDataSource.java:138)
	at com.zaxxer.hikari.pool.PoolBase.newConnection(PoolBase.java:359)
	at com.zaxxer.hikari.pool.PoolBase.newPoolEntry(PoolBase.java:201)
	at com.zaxxer.hikari.pool.HikariPool.createPoolEntry(HikariPool.java:470)
	at com.zaxxer.hikari.pool.HikariPool.checkFailFast(HikariPool.java:561)
	at com.zaxxer.hikari.pool.HikariPool.<init>(HikariPool.java:100)
	at com.zaxxer.hikari.HikariDataSource.getConnection(HikariDataSource.java:112)
	at org.springframework.jdbc.datasource.DataSourceUtils.fetchConnection(DataSourceUtils.java:159)
	at org.springframework.jdbc.datasource.DataSourceUtils.doGetConnection(DataSourceUtils.java:117)
	at org.springframework.jdbc.datasource.DataSourceUtils.getConnection(DataSourceUtils.java:80)
	at org.springframework.jdbc.core.JdbcTemplate.execute(JdbcTemplate.java:330)
	at org.springframework.boot.actuate.jdbc.DataSourceHealthIndicator.getProduct(DataSourceHealthIndicator.java:122)
	at org.springframework.boot.actuate.jdbc.DataSourceHealthIndicator.doDataSourceHealthCheck(DataSourceHealthIndicator.java:105)
	at org.springframework.boot.actuate.jdbc.DataSourceHealthIndicator.doHealthCheck(DataSourceHealthIndicator.java:100)
	at org.springframework.boot.actuate.health.AbstractHealthIndicator.health(AbstractHealthIndicator.java:82)
	at org.springframework.boot.actuate.health.HealthIndicator.getHealth(HealthIndicator.java:37)
	at org.springframework.boot.actuate.health.HealthEndpoint.getHealth(HealthEndpoint.java:82)
	at org.springframework.boot.actuate.health.HealthEndpoint.getHealth(HealthEndpoint.java:41)
	at org.springframework.boot.actuate.health.HealthEndpointSupport.getLoggedHealth(HealthEndpointSupport.java:172)
	at org.springframework.boot.actuate.health.HealthEndpointSupport.getContribution(HealthEndpointSupport.java:145)
	at org.springframework.boot.actuate.health.HealthEndpointSupport.getAggregateContribution(HealthEndpointSupport.java:156)
	at org.springframework.boot.actuate.health.HealthEndpointSupport.getContribution(HealthEndpointSupport.java:141)
	at org.springframework.boot.actuate.health.HealthEndpointSupport.getHealth(HealthEndpointSupport.java:110)
	at org.springframework.boot.actuate.health.HealthEndpointSupport.getHealth(HealthEndpointSupport.java:81)
	at org.springframework.boot.actuate.health.HealthEndpoint.health(HealthEndpoint.java:76)
	at org.springframework.boot.actuate.health.HealthEndpoint.health(HealthEndpoint.java:66)
	at java.base/jdk.internal.reflect.NativeMethodAccessorImpl.invoke0(Native Method)
	at java.base/jdk.internal.reflect.NativeMethodAccessorImpl.invoke(NativeMethodAccessorImpl.java:77)
	at java.base/jdk.internal.reflect.DelegatingMethodAccessorImpl.invoke(DelegatingMethodAccessorImpl.java:43)
	at java.base/java.lang.reflect.Method.invoke(Method.java:569)
	at org.springframework.util.ReflectionUtils.invokeMethod(ReflectionUtils.java:281)
	at org.springframework.boot.actuate.endpoint.invoke.reflect.ReflectiveOperationInvoker.invoke(ReflectiveOperationInvoker.java:74)
	at org.springframework.boot.actuate.endpoint.annotation.AbstractDiscoveredOperation.invoke(AbstractDiscoveredOperation.java:60)
	at org.springframework.boot.actuate.endpoint.jmx.EndpointMBean.invoke(EndpointMBean.java:124)
	at org.springframework.boot.actuate.endpoint.jmx.EndpointMBean.invoke(EndpointMBean.java:97)
	at java.management/com.sun.jmx.interceptor.DefaultMBeanServerInterceptor.invoke(DefaultMBeanServerInterceptor.java:814)
	at java.management/com.sun.jmx.mbeanserver.JmxMBeanServer.invoke(JmxMBeanServer.java:802)
	at java.management.rmi/javax.management.remote.rmi.RMIConnectionImpl.doOperation(RMIConnectionImpl.java:1472)
	at java.management.rmi/javax.management.remote.rmi.RMIConnectionImpl$PrivilegedOperation.run(RMIConnectionImpl.java:1310)
	at java.management.rmi/javax.management.remote.rmi.RMIConnectionImpl.doPrivilegedOperation(RMIConnectionImpl.java:1405)
	at java.management.rmi/javax.management.remote.rmi.RMIConnectionImpl.invoke(RMIConnectionImpl.java:829)
	at java.base/jdk.internal.reflect.GeneratedMethodAccessor39.invoke(Unknown Source)
	at java.base/jdk.internal.reflect.DelegatingMethodAccessorImpl.invoke(DelegatingMethodAccessorImpl.java:43)
	at java.base/java.lang.reflect.Method.invoke(Method.java:569)
	at java.rmi/sun.rmi.server.UnicastServerRef.dispatch(UnicastServerRef.java:360)
	at java.rmi/sun.rmi.transport.Transport$1.run(Transport.java:200)
	at java.rmi/sun.rmi.transport.Transport$1.run(Transport.java:197)
	at java.base/java.security.AccessController.doPrivileged(AccessController.java:712)
	at java.rmi/sun.rmi.transport.Transport.serviceCall(Transport.java:196)
	at java.rmi/sun.rmi.transport.tcp.TCPTransport.handleMessages(TCPTransport.java:587)
	at java.rmi/sun.rmi.transport.tcp.TCPTransport$ConnectionHandler.run0(TCPTransport.java:828)
	at java.rmi/sun.rmi.transport.tcp.TCPTransport$ConnectionHandler.lambda$run$0(TCPTransport.java:705)
	at java.base/java.security.AccessController.doPrivileged(AccessController.java:399)
	at java.rmi/sun.rmi.transport.tcp.TCPTransport$ConnectionHandler.run(TCPTransport.java:704)
	at java.base/java.util.concurrent.ThreadPoolExecutor.runWorker(ThreadPoolExecutor.java:1136)
	at java.base/java.util.concurrent.ThreadPoolExecutor$Worker.run(ThreadPoolExecutor.java:635)
	at java.base/java.lang.Thread.run(Thread.java:840)
Caused by: com.mysql.cj.exceptions.CJCommunicationsException: Communications link failure

The last packet sent successfully to the server was 0 milliseconds ago. The driver has not received any packets from the server.
	at java.base/jdk.internal.reflect.NativeConstructorAccessorImpl.newInstance0(Native Method)
	at java.base/jdk.internal.reflect.NativeConstructorAccessorImpl.newInstance(NativeConstructorAccessorImpl.java:77)
	at java.base/jdk.internal.reflect.DelegatingConstructorAccessorImpl.newInstance(DelegatingConstructorAccessorImpl.java:45)
	at java.base/java.lang.reflect.Constructor.newInstanceWithCaller(Constructor.java:500)
	at java.base/java.lang.reflect.Constructor.newInstance(Constructor.java:481)
	at com.mysql.cj.exceptions.ExceptionFactory.createException(ExceptionFactory.java:61)
	at com.mysql.cj.exceptions.ExceptionFactory.createException(ExceptionFactory.java:105)
	at com.mysql.cj.exceptions.ExceptionFactory.createException(ExceptionFactory.java:151)
	at com.mysql.cj.exceptions.ExceptionFactory.createCommunicationsException(ExceptionFactory.java:167)
	at com.mysql.cj.protocol.a.NativeSocketConnection.connect(NativeSocketConnection.java:89)
	at com.mysql.cj.NativeSession.connect(NativeSession.java:120)
	at com.mysql.cj.jdbc.ConnectionImpl.connectOneTryOnly(ConnectionImpl.java:944)
	at com.mysql.cj.jdbc.ConnectionImpl.createNewIO(ConnectionImpl.java:814)
	... 60 common frames omitted
Caused by: java.net.ConnectException: Connection timed out: getsockopt
	at java.base/sun.nio.ch.Net.pollConnect(Native Method)
	at java.base/sun.nio.ch.Net.pollConnectNow(Net.java:672)
	at java.base/sun.nio.ch.NioSocketImpl.timedFinishConnect(NioSocketImpl.java:554)
	at java.base/sun.nio.ch.NioSocketImpl.connect(NioSocketImpl.java:602)
	at java.base/java.net.SocksSocketImpl.connect(SocksSocketImpl.java:327)
	at java.base/java.net.Socket.connect(Socket.java:639)
	at com.mysql.cj.protocol.StandardSocketFactory.connect(StandardSocketFactory.java:153)
	at com.mysql.cj.protocol.a.NativeSocketConnection.connect(NativeSocketConnection.java:63)
	... 63 common frames omitted
2026-06-23 19:02:32.462 [RMI TCP Connection(1)-192.168.124.50] WARN  o.s.boot.actuate.jdbc.DataSourceHealthIndicator-DataSource health check failed
org.springframework.jdbc.CannotGetJdbcConnectionException: Failed to obtain JDBC Connection
	at org.springframework.jdbc.datasource.DataSourceUtils.getConnection(DataSourceUtils.java:83)
	at org.springframework.jdbc.core.JdbcTemplate.execute(JdbcTemplate.java:330)
	at org.springframework.boot.actuate.jdbc.DataSourceHealthIndicator.getProduct(DataSourceHealthIndicator.java:122)
	at org.springframework.boot.actuate.jdbc.DataSourceHealthIndicator.doDataSourceHealthCheck(DataSourceHealthIndicator.java:105)
	at org.springframework.boot.actuate.jdbc.DataSourceHealthIndicator.doHealthCheck(DataSourceHealthIndicator.java:100)
	at org.springframework.boot.actuate.health.AbstractHealthIndicator.health(AbstractHealthIndicator.java:82)
	at org.springframework.boot.actuate.health.HealthIndicator.getHealth(HealthIndicator.java:37)
	at org.springframework.boot.actuate.health.HealthEndpoint.getHealth(HealthEndpoint.java:82)
	at org.springframework.boot.actuate.health.HealthEndpoint.getHealth(HealthEndpoint.java:41)
	at org.springframework.boot.actuate.health.HealthEndpointSupport.getLoggedHealth(HealthEndpointSupport.java:172)
	at org.springframework.boot.actuate.health.HealthEndpointSupport.getContribution(HealthEndpointSupport.java:145)
	at org.springframework.boot.actuate.health.HealthEndpointSupport.getAggregateContribution(HealthEndpointSupport.java:156)
	at org.springframework.boot.actuate.health.HealthEndpointSupport.getContribution(HealthEndpointSupport.java:141)
	at org.springframework.boot.actuate.health.HealthEndpointSupport.getHealth(HealthEndpointSupport.java:110)
	at org.springframework.boot.actuate.health.HealthEndpointSupport.getHealth(HealthEndpointSupport.java:81)
	at org.springframework.boot.actuate.health.HealthEndpoint.health(HealthEndpoint.java:76)
	at org.springframework.boot.actuate.health.HealthEndpoint.health(HealthEndpoint.java:66)
	at java.base/jdk.internal.reflect.NativeMethodAccessorImpl.invoke0(Native Method)
	at java.base/jdk.internal.reflect.NativeMethodAccessorImpl.invoke(NativeMethodAccessorImpl.java:77)
	at java.base/jdk.internal.reflect.DelegatingMethodAccessorImpl.invoke(DelegatingMethodAccessorImpl.java:43)
	at java.base/java.lang.reflect.Method.invoke(Method.java:569)
	at org.springframework.util.ReflectionUtils.invokeMethod(ReflectionUtils.java:281)
	at org.springframework.boot.actuate.endpoint.invoke.reflect.ReflectiveOperationInvoker.invoke(ReflectiveOperationInvoker.java:74)
	at org.springframework.boot.actuate.endpoint.annotation.AbstractDiscoveredOperation.invoke(AbstractDiscoveredOperation.java:60)
	at org.springframework.boot.actuate.endpoint.jmx.EndpointMBean.invoke(EndpointMBean.java:124)
	at org.springframework.boot.actuate.endpoint.jmx.EndpointMBean.invoke(EndpointMBean.java:97)
	at java.management/com.sun.jmx.interceptor.DefaultMBeanServerInterceptor.invoke(DefaultMBeanServerInterceptor.java:814)
	at java.management/com.sun.jmx.mbeanserver.JmxMBeanServer.invoke(JmxMBeanServer.java:802)
	at java.management.rmi/javax.management.remote.rmi.RMIConnectionImpl.doOperation(RMIConnectionImpl.java:1472)
	at java.management.rmi/javax.management.remote.rmi.RMIConnectionImpl$PrivilegedOperation.run(RMIConnectionImpl.java:1310)
	at java.management.rmi/javax.management.remote.rmi.RMIConnectionImpl.doPrivilegedOperation(RMIConnectionImpl.java:1405)
	at java.management.rmi/javax.management.remote.rmi.RMIConnectionImpl.invoke(RMIConnectionImpl.java:829)
	at java.base/jdk.internal.reflect.GeneratedMethodAccessor39.invoke(Unknown Source)
	at java.base/jdk.internal.reflect.DelegatingMethodAccessorImpl.invoke(DelegatingMethodAccessorImpl.java:43)
	at java.base/java.lang.reflect.Method.invoke(Method.java:569)
	at java.rmi/sun.rmi.server.UnicastServerRef.dispatch(UnicastServerRef.java:360)
	at java.rmi/sun.rmi.transport.Transport$1.run(Transport.java:200)
	at java.rmi/sun.rmi.transport.Transport$1.run(Transport.java:197)
	at java.base/java.security.AccessController.doPrivileged(AccessController.java:712)
	at java.rmi/sun.rmi.transport.Transport.serviceCall(Transport.java:196)
	at java.rmi/sun.rmi.transport.tcp.TCPTransport.handleMessages(TCPTransport.java:587)
	at java.rmi/sun.rmi.transport.tcp.TCPTransport$ConnectionHandler.run0(TCPTransport.java:828)
	at java.rmi/sun.rmi.transport.tcp.TCPTransport$ConnectionHandler.lambda$run$0(TCPTransport.java:705)
	at java.base/java.security.AccessController.doPrivileged(AccessController.java:399)
	at java.rmi/sun.rmi.transport.tcp.TCPTransport$ConnectionHandler.run(TCPTransport.java:704)
	at java.base/java.util.concurrent.ThreadPoolExecutor.runWorker(ThreadPoolExecutor.java:1136)
	at java.base/java.util.concurrent.ThreadPoolExecutor$Worker.run(ThreadPoolExecutor.java:635)
	at java.base/java.lang.Thread.run(Thread.java:840)
Caused by: com.mysql.cj.jdbc.exceptions.CommunicationsException: Communications link failure

The last packet sent successfully to the server was 0 milliseconds ago. The driver has not received any packets from the server.
	at com.mysql.cj.jdbc.exceptions.SQLError.createCommunicationsException(SQLError.java:174)
	at com.mysql.cj.jdbc.exceptions.SQLExceptionsMapping.translateException(SQLExceptionsMapping.java:64)
	at com.mysql.cj.jdbc.ConnectionImpl.createNewIO(ConnectionImpl.java:824)
	at com.mysql.cj.jdbc.ConnectionImpl.<init>(ConnectionImpl.java:444)
	at com.mysql.cj.jdbc.ConnectionImpl.getInstance(ConnectionImpl.java:237)
	at com.mysql.cj.jdbc.NonRegisteringDriver.connect(NonRegisteringDriver.java:198)
	at com.zaxxer.hikari.util.DriverDataSource.getConnection(DriverDataSource.java:138)
	at com.zaxxer.hikari.pool.PoolBase.newConnection(PoolBase.java:359)
	at com.zaxxer.hikari.pool.PoolBase.newPoolEntry(PoolBase.java:201)
	at com.zaxxer.hikari.pool.HikariPool.createPoolEntry(HikariPool.java:470)
	at com.zaxxer.hikari.pool.HikariPool.checkFailFast(HikariPool.java:561)
	at com.zaxxer.hikari.pool.HikariPool.<init>(HikariPool.java:100)
	at com.zaxxer.hikari.HikariDataSource.getConnection(HikariDataSource.java:112)
	at org.springframework.jdbc.datasource.DataSourceUtils.fetchConnection(DataSourceUtils.java:159)
	at org.springframework.jdbc.datasource.DataSourceUtils.doGetConnection(DataSourceUtils.java:117)
	at org.springframework.jdbc.datasource.DataSourceUtils.getConnection(DataSourceUtils.java:80)
	... 47 common frames omitted
Caused by: com.mysql.cj.exceptions.CJCommunicationsException: Communications link failure

The last packet sent successfully to the server was 0 milliseconds ago. The driver has not received any packets from the server.
	at java.base/jdk.internal.reflect.NativeConstructorAccessorImpl.newInstance0(Native Method)
	at java.base/jdk.internal.reflect.NativeConstructorAccessorImpl.newInstance(NativeConstructorAccessorImpl.java:77)
	at java.base/jdk.internal.reflect.DelegatingConstructorAccessorImpl.newInstance(DelegatingConstructorAccessorImpl.java:45)
	at java.base/java.lang.reflect.Constructor.newInstanceWithCaller(Constructor.java:500)
	at java.base/java.lang.reflect.Constructor.newInstance(Constructor.java:481)
	at com.mysql.cj.exceptions.ExceptionFactory.createException(ExceptionFactory.java:61)
	at com.mysql.cj.exceptions.ExceptionFactory.createException(ExceptionFactory.java:105)
	at com.mysql.cj.exceptions.ExceptionFactory.createException(ExceptionFactory.java:151)
	at com.mysql.cj.exceptions.ExceptionFactory.createCommunicationsException(ExceptionFactory.java:167)
	at com.mysql.cj.protocol.a.NativeSocketConnection.connect(NativeSocketConnection.java:89)
	at com.mysql.cj.NativeSession.connect(NativeSession.java:120)
	at com.mysql.cj.jdbc.ConnectionImpl.connectOneTryOnly(ConnectionImpl.java:944)
	at com.mysql.cj.jdbc.ConnectionImpl.createNewIO(ConnectionImpl.java:814)
	... 60 common frames omitted
Caused by: java.net.ConnectException: Connection timed out: getsockopt
	at java.base/sun.nio.ch.Net.pollConnect(Native Method)
	at java.base/sun.nio.ch.Net.pollConnectNow(Net.java:672)
	at java.base/sun.nio.ch.NioSocketImpl.timedFinishConnect(NioSocketImpl.java:554)
	at java.base/sun.nio.ch.NioSocketImpl.connect(NioSocketImpl.java:602)
	at java.base/java.net.SocksSocketImpl.connect(SocksSocketImpl.java:327)
	at java.base/java.net.Socket.connect(Socket.java:639)
	at com.mysql.cj.protocol.StandardSocketFactory.connect(StandardSocketFactory.java:153)
	at com.mysql.cj.protocol.a.NativeSocketConnection.connect(NativeSocketConnection.java:63)
	... 63 common frames omitted
2026-06-23 19:02:32.463 [RMI TCP Connection(1)-192.168.124.50] WARN  o.s.boot.actuate.health.HealthEndpointSupport-Health contributor org.springframework.boot.actuate.jdbc.DataSourceHealthIndicator (db) took 22040ms to respond
2026-06-23 19:02:42.470 [boundedElastic-1] WARN  o.s.b.a.data.redis.RedisReactiveHealthIndicator-Redis health check failed
org.springframework.data.redis.RedisConnectionFailureException: Unable to connect to Redis
	at org.springframework.data.redis.connection.lettuce.LettuceConnectionFactory$ExceptionTranslatingConnectionProvider.translateException(LettuceConnectionFactory.java:1602)
	at org.springframework.data.redis.connection.lettuce.LettuceConnectionFactory$ExceptionTranslatingConnectionProvider.getConnection(LettuceConnectionFactory.java:1533)
	at org.springframework.data.redis.connection.lettuce.LettuceConnectionFactory$SharedConnection.getNativeConnection(LettuceConnectionFactory.java:1358)
	at org.springframework.data.redis.connection.lettuce.LettuceConnectionFactory$SharedConnection.getConnection(LettuceConnectionFactory.java:1341)
	at org.springframework.data.redis.connection.lettuce.LettuceConnectionFactory.getSharedReactiveConnection(LettuceConnectionFactory.java:1083)
	at org.springframework.data.redis.connection.lettuce.LettuceConnectionFactory.getReactiveConnection(LettuceConnectionFactory.java:479)
	at org.springframework.data.redis.connection.lettuce.LettuceConnectionFactory.getReactiveConnection(LettuceConnectionFactory.java:105)
	at reactor.core.publisher.MonoSupplier.call(MonoSupplier.java:67)
	at reactor.core.publisher.FluxSubscribeOnCallable$CallableSubscribeOnSubscription.run(FluxSubscribeOnCallable.java:227)
	at reactor.core.scheduler.SchedulerTask.call(SchedulerTask.java:68)
	at reactor.core.scheduler.SchedulerTask.call(SchedulerTask.java:28)
	at java.base/java.util.concurrent.FutureTask.run(FutureTask.java:264)
	at java.base/java.util.concurrent.ScheduledThreadPoolExecutor$ScheduledFutureTask.run(ScheduledThreadPoolExecutor.java:304)
	at java.base/java.util.concurrent.ThreadPoolExecutor.runWorker(ThreadPoolExecutor.java:1136)
	at java.base/java.util.concurrent.ThreadPoolExecutor$Worker.run(ThreadPoolExecutor.java:635)
	at java.base/java.lang.Thread.run(Thread.java:840)
Caused by: io.lettuce.core.RedisConnectionException: Unable to connect to 192.168.100.101/<unresolved>:6379
	at io.lettuce.core.RedisConnectionException.create(RedisConnectionException.java:78)
	at io.lettuce.core.RedisConnectionException.create(RedisConnectionException.java:56)
	at io.lettuce.core.AbstractRedisClient.getConnection(AbstractRedisClient.java:350)
	at io.lettuce.core.RedisClient.connect(RedisClient.java:216)
	at org.springframework.data.redis.connection.lettuce.StandaloneConnectionProvider.lambda$getConnection$1(StandaloneConnectionProvider.java:111)
	at java.base/java.util.Optional.orElseGet(Optional.java:364)
	at org.springframework.data.redis.connection.lettuce.StandaloneConnectionProvider.getConnection(StandaloneConnectionProvider.java:111)
	at org.springframework.data.redis.connection.lettuce.LettuceConnectionFactory$ExceptionTranslatingConnectionProvider.getConnection(LettuceConnectionFactory.java:1531)
	... 14 common frames omitted
Caused by: io.netty.channel.ConnectTimeoutException: connection timed out: /192.168.100.101:6379
	at io.netty.channel.nio.AbstractNioChannel$AbstractNioUnsafe$1.run(AbstractNioChannel.java:261)
	at io.netty.util.concurrent.PromiseTask.runTask(PromiseTask.java:98)
	at io.netty.util.concurrent.ScheduledFutureTask.run(ScheduledFutureTask.java:153)
	at io.netty.util.concurrent.AbstractEventExecutor.runTask(AbstractEventExecutor.java:174)
	at io.netty.util.concurrent.AbstractEventExecutor.safeExecute(AbstractEventExecutor.java:167)
	at io.netty.util.concurrent.SingleThreadEventExecutor.runAllTasks(SingleThreadEventExecutor.java:470)
	at io.netty.channel.nio.NioEventLoop.run(NioEventLoop.java:569)
	at io.netty.util.concurrent.SingleThreadEventExecutor$4.run(SingleThreadEventExecutor.java:997)
	at io.netty.util.internal.ThreadExecutorMap$2.run(ThreadExecutorMap.java:74)
	at io.netty.util.concurrent.FastThreadLocalRunnable.run(FastThreadLocalRunnable.java:30)
	... 1 common frames omitted
2026-06-23 19:02:42.471 [RMI TCP Connection(1)-192.168.124.50] WARN  o.s.boot.actuate.health.HealthEndpointSupport-Health contributor org.springframework.boot.actuate.autoconfigure.health.HealthEndpointConfiguration$AdaptedReactiveHealthContributors$1 (redis) took 10007ms to respond
2026-06-23 19:02:57.481 [RMI TCP Connection(1)-192.168.124.50] INFO  com.zaxxer.hikari.HikariDataSource-SPHHikariPool - Starting...
2026-06-23 19:03:19.528 [RMI TCP Connection(1)-192.168.124.50] ERROR com.zaxxer.hikari.pool.HikariPool-SPHHikariPool - Exception during pool initialization.
com.mysql.cj.jdbc.exceptions.CommunicationsException: Communications link failure

The last packet sent successfully to the server was 0 milliseconds ago. The driver has not received any packets from the server.
	at com.mysql.cj.jdbc.exceptions.SQLError.createCommunicationsException(SQLError.java:174)
	at com.mysql.cj.jdbc.exceptions.SQLExceptionsMapping.translateException(SQLExceptionsMapping.java:64)
	at com.mysql.cj.jdbc.ConnectionImpl.createNewIO(ConnectionImpl.java:824)
	at com.mysql.cj.jdbc.ConnectionImpl.<init>(ConnectionImpl.java:444)
	at com.mysql.cj.jdbc.ConnectionImpl.getInstance(ConnectionImpl.java:237)
	at com.mysql.cj.jdbc.NonRegisteringDriver.connect(NonRegisteringDriver.java:198)
	at com.zaxxer.hikari.util.DriverDataSource.getConnection(DriverDataSource.java:138)
	at com.zaxxer.hikari.pool.PoolBase.newConnection(PoolBase.java:359)
	at com.zaxxer.hikari.pool.PoolBase.newPoolEntry(PoolBase.java:201)
	at com.zaxxer.hikari.pool.HikariPool.createPoolEntry(HikariPool.java:470)
	at com.zaxxer.hikari.pool.HikariPool.checkFailFast(HikariPool.java:561)
	at com.zaxxer.hikari.pool.HikariPool.<init>(HikariPool.java:100)
	at com.zaxxer.hikari.HikariDataSource.getConnection(HikariDataSource.java:112)
	at org.springframework.jdbc.datasource.DataSourceUtils.fetchConnection(DataSourceUtils.java:159)
	at org.springframework.jdbc.datasource.DataSourceUtils.doGetConnection(DataSourceUtils.java:117)
	at org.springframework.jdbc.datasource.DataSourceUtils.getConnection(DataSourceUtils.java:80)
	at org.springframework.jdbc.core.JdbcTemplate.execute(JdbcTemplate.java:330)
	at org.springframework.boot.actuate.jdbc.DataSourceHealthIndicator.getProduct(DataSourceHealthIndicator.java:122)
	at org.springframework.boot.actuate.jdbc.DataSourceHealthIndicator.doDataSourceHealthCheck(DataSourceHealthIndicator.java:105)
	at org.springframework.boot.actuate.jdbc.DataSourceHealthIndicator.doHealthCheck(DataSourceHealthIndicator.java:100)
	at org.springframework.boot.actuate.health.AbstractHealthIndicator.health(AbstractHealthIndicator.java:82)
	at org.springframework.boot.actuate.health.HealthIndicator.getHealth(HealthIndicator.java:37)
	at org.springframework.boot.actuate.health.HealthEndpoint.getHealth(HealthEndpoint.java:82)
	at org.springframework.boot.actuate.health.HealthEndpoint.getHealth(HealthEndpoint.java:41)
	at org.springframework.boot.actuate.health.HealthEndpointSupport.getLoggedHealth(HealthEndpointSupport.java:172)
	at org.springframework.boot.actuate.health.HealthEndpointSupport.getContribution(HealthEndpointSupport.java:145)
	at org.springframework.boot.actuate.health.HealthEndpointSupport.getAggregateContribution(HealthEndpointSupport.java:156)
	at org.springframework.boot.actuate.health.HealthEndpointSupport.getContribution(HealthEndpointSupport.java:141)
	at org.springframework.boot.actuate.health.HealthEndpointSupport.getHealth(HealthEndpointSupport.java:110)
	at org.springframework.boot.actuate.health.HealthEndpointSupport.getHealth(HealthEndpointSupport.java:81)
	at org.springframework.boot.actuate.health.HealthEndpoint.health(HealthEndpoint.java:76)
	at org.springframework.boot.actuate.health.HealthEndpoint.health(HealthEndpoint.java:66)
	at java.base/jdk.internal.reflect.NativeMethodAccessorImpl.invoke0(Native Method)
	at java.base/jdk.internal.reflect.NativeMethodAccessorImpl.invoke(NativeMethodAccessorImpl.java:77)
	at java.base/jdk.internal.reflect.DelegatingMethodAccessorImpl.invoke(DelegatingMethodAccessorImpl.java:43)
	at java.base/java.lang.reflect.Method.invoke(Method.java:569)
	at org.springframework.util.ReflectionUtils.invokeMethod(ReflectionUtils.java:281)
	at org.springframework.boot.actuate.endpoint.invoke.reflect.ReflectiveOperationInvoker.invoke(ReflectiveOperationInvoker.java:74)
	at org.springframework.boot.actuate.endpoint.annotation.AbstractDiscoveredOperation.invoke(AbstractDiscoveredOperation.java:60)
	at org.springframework.boot.actuate.endpoint.jmx.EndpointMBean.invoke(EndpointMBean.java:124)
	at org.springframework.boot.actuate.endpoint.jmx.EndpointMBean.invoke(EndpointMBean.java:97)
	at java.management/com.sun.jmx.interceptor.DefaultMBeanServerInterceptor.invoke(DefaultMBeanServerInterceptor.java:814)
	at java.management/com.sun.jmx.mbeanserver.JmxMBeanServer.invoke(JmxMBeanServer.java:802)
	at java.management.rmi/javax.management.remote.rmi.RMIConnectionImpl.doOperation(RMIConnectionImpl.java:1472)
	at java.management.rmi/javax.management.remote.rmi.RMIConnectionImpl$PrivilegedOperation.run(RMIConnectionImpl.java:1310)
	at java.management.rmi/javax.management.remote.rmi.RMIConnectionImpl.doPrivilegedOperation(RMIConnectionImpl.java:1405)
	at java.management.rmi/javax.management.remote.rmi.RMIConnectionImpl.invoke(RMIConnectionImpl.java:829)
	at java.base/jdk.internal.reflect.GeneratedMethodAccessor39.invoke(Unknown Source)
	at java.base/jdk.internal.reflect.DelegatingMethodAccessorImpl.invoke(DelegatingMethodAccessorImpl.java:43)
	at java.base/java.lang.reflect.Method.invoke(Method.java:569)
	at java.rmi/sun.rmi.server.UnicastServerRef.dispatch(UnicastServerRef.java:360)
	at java.rmi/sun.rmi.transport.Transport$1.run(Transport.java:200)
	at java.rmi/sun.rmi.transport.Transport$1.run(Transport.java:197)
	at java.base/java.security.AccessController.doPrivileged(AccessController.java:712)
	at java.rmi/sun.rmi.transport.Transport.serviceCall(Transport.java:196)
	at java.rmi/sun.rmi.transport.tcp.TCPTransport.handleMessages(TCPTransport.java:587)
	at java.rmi/sun.rmi.transport.tcp.TCPTransport$ConnectionHandler.run0(TCPTransport.java:828)
	at java.rmi/sun.rmi.transport.tcp.TCPTransport$ConnectionHandler.lambda$run$0(TCPTransport.java:705)
	at java.base/java.security.AccessController.doPrivileged(AccessController.java:399)
	at java.rmi/sun.rmi.transport.tcp.TCPTransport$ConnectionHandler.run(TCPTransport.java:704)
	at java.base/java.util.concurrent.ThreadPoolExecutor.runWorker(ThreadPoolExecutor.java:1136)
	at java.base/java.util.concurrent.ThreadPoolExecutor$Worker.run(ThreadPoolExecutor.java:635)
	at java.base/java.lang.Thread.run(Thread.java:840)
Caused by: com.mysql.cj.exceptions.CJCommunicationsException: Communications link failure

The last packet sent successfully to the server was 0 milliseconds ago. The driver has not received any packets from the server.
	at java.base/jdk.internal.reflect.NativeConstructorAccessorImpl.newInstance0(Native Method)
	at java.base/jdk.internal.reflect.NativeConstructorAccessorImpl.newInstance(NativeConstructorAccessorImpl.java:77)
	at java.base/jdk.internal.reflect.DelegatingConstructorAccessorImpl.newInstance(DelegatingConstructorAccessorImpl.java:45)
	at java.base/java.lang.reflect.Constructor.newInstanceWithCaller(Constructor.java:500)
	at java.base/java.lang.reflect.Constructor.newInstance(Constructor.java:481)
	at com.mysql.cj.exceptions.ExceptionFactory.createException(ExceptionFactory.java:61)
	at com.mysql.cj.exceptions.ExceptionFactory.createException(ExceptionFactory.java:105)
	at com.mysql.cj.exceptions.ExceptionFactory.createException(ExceptionFactory.java:151)
	at com.mysql.cj.exceptions.ExceptionFactory.createCommunicationsException(ExceptionFactory.java:167)
	at com.mysql.cj.protocol.a.NativeSocketConnection.connect(NativeSocketConnection.java:89)
	at com.mysql.cj.NativeSession.connect(NativeSession.java:120)
	at com.mysql.cj.jdbc.ConnectionImpl.connectOneTryOnly(ConnectionImpl.java:944)
	at com.mysql.cj.jdbc.ConnectionImpl.createNewIO(ConnectionImpl.java:814)
	... 60 common frames omitted
Caused by: java.net.ConnectException: Connection timed out: getsockopt
	at java.base/sun.nio.ch.Net.pollConnect(Native Method)
	at java.base/sun.nio.ch.Net.pollConnectNow(Net.java:672)
	at java.base/sun.nio.ch.NioSocketImpl.timedFinishConnect(NioSocketImpl.java:554)
	at java.base/sun.nio.ch.NioSocketImpl.connect(NioSocketImpl.java:602)
	at java.base/java.net.SocksSocketImpl.connect(SocksSocketImpl.java:327)
	at java.base/java.net.Socket.connect(Socket.java:639)
	at com.mysql.cj.protocol.StandardSocketFactory.connect(StandardSocketFactory.java:153)
	at com.mysql.cj.protocol.a.NativeSocketConnection.connect(NativeSocketConnection.java:63)
	... 63 common frames omitted
2026-06-23 19:03:19.529 [RMI TCP Connection(1)-192.168.124.50] WARN  o.s.boot.actuate.jdbc.DataSourceHealthIndicator-DataSource health check failed
org.springframework.jdbc.CannotGetJdbcConnectionException: Failed to obtain JDBC Connection
	at org.springframework.jdbc.datasource.DataSourceUtils.getConnection(DataSourceUtils.java:83)
	at org.springframework.jdbc.core.JdbcTemplate.execute(JdbcTemplate.java:330)
	at org.springframework.boot.actuate.jdbc.DataSourceHealthIndicator.getProduct(DataSourceHealthIndicator.java:122)
	at org.springframework.boot.actuate.jdbc.DataSourceHealthIndicator.doDataSourceHealthCheck(DataSourceHealthIndicator.java:105)
	at org.springframework.boot.actuate.jdbc.DataSourceHealthIndicator.doHealthCheck(DataSourceHealthIndicator.java:100)
	at org.springframework.boot.actuate.health.AbstractHealthIndicator.health(AbstractHealthIndicator.java:82)
	at org.springframework.boot.actuate.health.HealthIndicator.getHealth(HealthIndicator.java:37)
	at org.springframework.boot.actuate.health.HealthEndpoint.getHealth(HealthEndpoint.java:82)
	at org.springframework.boot.actuate.health.HealthEndpoint.getHealth(HealthEndpoint.java:41)
	at org.springframework.boot.actuate.health.HealthEndpointSupport.getLoggedHealth(HealthEndpointSupport.java:172)
	at org.springframework.boot.actuate.health.HealthEndpointSupport.getContribution(HealthEndpointSupport.java:145)
	at org.springframework.boot.actuate.health.HealthEndpointSupport.getAggregateContribution(HealthEndpointSupport.java:156)
	at org.springframework.boot.actuate.health.HealthEndpointSupport.getContribution(HealthEndpointSupport.java:141)
	at org.springframework.boot.actuate.health.HealthEndpointSupport.getHealth(HealthEndpointSupport.java:110)
	at org.springframework.boot.actuate.health.HealthEndpointSupport.getHealth(HealthEndpointSupport.java:81)
	at org.springframework.boot.actuate.health.HealthEndpoint.health(HealthEndpoint.java:76)
	at org.springframework.boot.actuate.health.HealthEndpoint.health(HealthEndpoint.java:66)
	at java.base/jdk.internal.reflect.NativeMethodAccessorImpl.invoke0(Native Method)
	at java.base/jdk.internal.reflect.NativeMethodAccessorImpl.invoke(NativeMethodAccessorImpl.java:77)
	at java.base/jdk.internal.reflect.DelegatingMethodAccessorImpl.invoke(DelegatingMethodAccessorImpl.java:43)
	at java.base/java.lang.reflect.Method.invoke(Method.java:569)
	at org.springframework.util.ReflectionUtils.invokeMethod(ReflectionUtils.java:281)
	at org.springframework.boot.actuate.endpoint.invoke.reflect.ReflectiveOperationInvoker.invoke(ReflectiveOperationInvoker.java:74)
	at org.springframework.boot.actuate.endpoint.annotation.AbstractDiscoveredOperation.invoke(AbstractDiscoveredOperation.java:60)
	at org.springframework.boot.actuate.endpoint.jmx.EndpointMBean.invoke(EndpointMBean.java:124)
	at org.springframework.boot.actuate.endpoint.jmx.EndpointMBean.invoke(EndpointMBean.java:97)
	at java.management/com.sun.jmx.interceptor.DefaultMBeanServerInterceptor.invoke(DefaultMBeanServerInterceptor.java:814)
	at java.management/com.sun.jmx.mbeanserver.JmxMBeanServer.invoke(JmxMBeanServer.java:802)
	at java.management.rmi/javax.management.remote.rmi.RMIConnectionImpl.doOperation(RMIConnectionImpl.java:1472)
	at java.management.rmi/javax.management.remote.rmi.RMIConnectionImpl$PrivilegedOperation.run(RMIConnectionImpl.java:1310)
	at java.management.rmi/javax.management.remote.rmi.RMIConnectionImpl.doPrivilegedOperation(RMIConnectionImpl.java:1405)
	at java.management.rmi/javax.management.remote.rmi.RMIConnectionImpl.invoke(RMIConnectionImpl.java:829)
	at java.base/jdk.internal.reflect.GeneratedMethodAccessor39.invoke(Unknown Source)
	at java.base/jdk.internal.reflect.DelegatingMethodAccessorImpl.invoke(DelegatingMethodAccessorImpl.java:43)
	at java.base/java.lang.reflect.Method.invoke(Method.java:569)
	at java.rmi/sun.rmi.server.UnicastServerRef.dispatch(UnicastServerRef.java:360)
	at java.rmi/sun.rmi.transport.Transport$1.run(Transport.java:200)
	at java.rmi/sun.rmi.transport.Transport$1.run(Transport.java:197)
	at java.base/java.security.AccessController.doPrivileged(AccessController.java:712)
	at java.rmi/sun.rmi.transport.Transport.serviceCall(Transport.java:196)
	at java.rmi/sun.rmi.transport.tcp.TCPTransport.handleMessages(TCPTransport.java:587)
	at java.rmi/sun.rmi.transport.tcp.TCPTransport$ConnectionHandler.run0(TCPTransport.java:828)
	at java.rmi/sun.rmi.transport.tcp.TCPTransport$ConnectionHandler.lambda$run$0(TCPTransport.java:705)
	at java.base/java.security.AccessController.doPrivileged(AccessController.java:399)
	at java.rmi/sun.rmi.transport.tcp.TCPTransport$ConnectionHandler.run(TCPTransport.java:704)
	at java.base/java.util.concurrent.ThreadPoolExecutor.runWorker(ThreadPoolExecutor.java:1136)
	at java.base/java.util.concurrent.ThreadPoolExecutor$Worker.run(ThreadPoolExecutor.java:635)
	at java.base/java.lang.Thread.run(Thread.java:840)
Caused by: com.mysql.cj.jdbc.exceptions.CommunicationsException: Communications link failure

The last packet sent successfully to the server was 0 milliseconds ago. The driver has not received any packets from the server.
	at com.mysql.cj.jdbc.exceptions.SQLError.createCommunicationsException(SQLError.java:174)
	at com.mysql.cj.jdbc.exceptions.SQLExceptionsMapping.translateException(SQLExceptionsMapping.java:64)
	at com.mysql.cj.jdbc.ConnectionImpl.createNewIO(ConnectionImpl.java:824)
	at com.mysql.cj.jdbc.ConnectionImpl.<init>(ConnectionImpl.java:444)
	at com.mysql.cj.jdbc.ConnectionImpl.getInstance(ConnectionImpl.java:237)
	at com.mysql.cj.jdbc.NonRegisteringDriver.connect(NonRegisteringDriver.java:198)
	at com.zaxxer.hikari.util.DriverDataSource.getConnection(DriverDataSource.java:138)
	at com.zaxxer.hikari.pool.PoolBase.newConnection(PoolBase.java:359)
	at com.zaxxer.hikari.pool.PoolBase.newPoolEntry(PoolBase.java:201)
	at com.zaxxer.hikari.pool.HikariPool.createPoolEntry(HikariPool.java:470)
	at com.zaxxer.hikari.pool.HikariPool.checkFailFast(HikariPool.java:561)
	at com.zaxxer.hikari.pool.HikariPool.<init>(HikariPool.java:100)
	at com.zaxxer.hikari.HikariDataSource.getConnection(HikariDataSource.java:112)
	at org.springframework.jdbc.datasource.DataSourceUtils.fetchConnection(DataSourceUtils.java:159)
	at org.springframework.jdbc.datasource.DataSourceUtils.doGetConnection(DataSourceUtils.java:117)
	at org.springframework.jdbc.datasource.DataSourceUtils.getConnection(DataSourceUtils.java:80)
	... 47 common frames omitted
Caused by: com.mysql.cj.exceptions.CJCommunicationsException: Communications link failure

The last packet sent successfully to the server was 0 milliseconds ago. The driver has not received any packets from the server.
	at java.base/jdk.internal.reflect.NativeConstructorAccessorImpl.newInstance0(Native Method)
	at java.base/jdk.internal.reflect.NativeConstructorAccessorImpl.newInstance(NativeConstructorAccessorImpl.java:77)
	at java.base/jdk.internal.reflect.DelegatingConstructorAccessorImpl.newInstance(DelegatingConstructorAccessorImpl.java:45)
	at java.base/java.lang.reflect.Constructor.newInstanceWithCaller(Constructor.java:500)
	at java.base/java.lang.reflect.Constructor.newInstance(Constructor.java:481)
	at com.mysql.cj.exceptions.ExceptionFactory.createException(ExceptionFactory.java:61)
	at com.mysql.cj.exceptions.ExceptionFactory.createException(ExceptionFactory.java:105)
	at com.mysql.cj.exceptions.ExceptionFactory.createException(ExceptionFactory.java:151)
	at com.mysql.cj.exceptions.ExceptionFactory.createCommunicationsException(ExceptionFactory.java:167)
	at com.mysql.cj.protocol.a.NativeSocketConnection.connect(NativeSocketConnection.java:89)
	at com.mysql.cj.NativeSession.connect(NativeSession.java:120)
	at com.mysql.cj.jdbc.ConnectionImpl.connectOneTryOnly(ConnectionImpl.java:944)
	at com.mysql.cj.jdbc.ConnectionImpl.createNewIO(ConnectionImpl.java:814)
	... 60 common frames omitted
Caused by: java.net.ConnectException: Connection timed out: getsockopt
	at java.base/sun.nio.ch.Net.pollConnect(Native Method)
	at java.base/sun.nio.ch.Net.pollConnectNow(Net.java:672)
	at java.base/sun.nio.ch.NioSocketImpl.timedFinishConnect(NioSocketImpl.java:554)
	at java.base/sun.nio.ch.NioSocketImpl.connect(NioSocketImpl.java:602)
	at java.base/java.net.SocksSocketImpl.connect(SocksSocketImpl.java:327)
	at java.base/java.net.Socket.connect(Socket.java:639)
	at com.mysql.cj.protocol.StandardSocketFactory.connect(StandardSocketFactory.java:153)
	at com.mysql.cj.protocol.a.NativeSocketConnection.connect(NativeSocketConnection.java:63)
	... 63 common frames omitted
2026-06-23 19:03:19.529 [RMI TCP Connection(1)-192.168.124.50] WARN  o.s.boot.actuate.health.HealthEndpointSupport-Health contributor org.springframework.boot.actuate.jdbc.DataSourceHealthIndicator (db) took 22047ms to respond
2026-06-23 19:03:29.533 [boundedElastic-1] WARN  o.s.b.a.data.redis.RedisReactiveHealthIndicator-Redis health check failed
org.springframework.data.redis.RedisConnectionFailureException: Unable to connect to Redis
	at org.springframework.data.redis.connection.lettuce.LettuceConnectionFactory$ExceptionTranslatingConnectionProvider.translateException(LettuceConnectionFactory.java:1602)
	at org.springframework.data.redis.connection.lettuce.LettuceConnectionFactory$ExceptionTranslatingConnectionProvider.getConnection(LettuceConnectionFactory.java:1533)
	at org.springframework.data.redis.connection.lettuce.LettuceConnectionFactory$SharedConnection.getNativeConnection(LettuceConnectionFactory.java:1358)
	at org.springframework.data.redis.connection.lettuce.LettuceConnectionFactory$SharedConnection.getConnection(LettuceConnectionFactory.java:1341)
	at org.springframework.data.redis.connection.lettuce.LettuceConnectionFactory.getSharedReactiveConnection(LettuceConnectionFactory.java:1083)
	at org.springframework.data.redis.connection.lettuce.LettuceConnectionFactory.getReactiveConnection(LettuceConnectionFactory.java:479)
	at org.springframework.data.redis.connection.lettuce.LettuceConnectionFactory.getReactiveConnection(LettuceConnectionFactory.java:105)
	at reactor.core.publisher.MonoSupplier.call(MonoSupplier.java:67)
	at reactor.core.publisher.FluxSubscribeOnCallable$CallableSubscribeOnSubscription.run(FluxSubscribeOnCallable.java:227)
	at reactor.core.scheduler.SchedulerTask.call(SchedulerTask.java:68)
	at reactor.core.scheduler.SchedulerTask.call(SchedulerTask.java:28)
	at java.base/java.util.concurrent.FutureTask.run(FutureTask.java:264)
	at java.base/java.util.concurrent.ScheduledThreadPoolExecutor$ScheduledFutureTask.run(ScheduledThreadPoolExecutor.java:304)
	at java.base/java.util.concurrent.ThreadPoolExecutor.runWorker(ThreadPoolExecutor.java:1136)
	at java.base/java.util.concurrent.ThreadPoolExecutor$Worker.run(ThreadPoolExecutor.java:635)
	at java.base/java.lang.Thread.run(Thread.java:840)
Caused by: io.lettuce.core.RedisConnectionException: Unable to connect to 192.168.100.101/<unresolved>:6379
	at io.lettuce.core.RedisConnectionException.create(RedisConnectionException.java:78)
	at io.lettuce.core.RedisConnectionException.create(RedisConnectionException.java:56)
	at io.lettuce.core.AbstractRedisClient.getConnection(AbstractRedisClient.java:350)
	at io.lettuce.core.RedisClient.connect(RedisClient.java:216)
	at org.springframework.data.redis.connection.lettuce.StandaloneConnectionProvider.lambda$getConnection$1(StandaloneConnectionProvider.java:111)
	at java.base/java.util.Optional.orElseGet(Optional.java:364)
	at org.springframework.data.redis.connection.lettuce.StandaloneConnectionProvider.getConnection(StandaloneConnectionProvider.java:111)
	at org.springframework.data.redis.connection.lettuce.LettuceConnectionFactory$ExceptionTranslatingConnectionProvider.getConnection(LettuceConnectionFactory.java:1531)
	... 14 common frames omitted
Caused by: io.netty.channel.ConnectTimeoutException: connection timed out: /192.168.100.101:6379
	at io.netty.channel.nio.AbstractNioChannel$AbstractNioUnsafe$1.run(AbstractNioChannel.java:261)
	at io.netty.util.concurrent.PromiseTask.runTask(PromiseTask.java:98)
	at io.netty.util.concurrent.ScheduledFutureTask.run(ScheduledFutureTask.java:153)
	at io.netty.util.concurrent.AbstractEventExecutor.runTask(AbstractEventExecutor.java:174)
	at io.netty.util.concurrent.AbstractEventExecutor.safeExecute(AbstractEventExecutor.java:167)
	at io.netty.util.concurrent.SingleThreadEventExecutor.runAllTasks(SingleThreadEventExecutor.java:470)
	at io.netty.channel.nio.NioEventLoop.run(NioEventLoop.java:569)
	at io.netty.util.concurrent.SingleThreadEventExecutor$4.run(SingleThreadEventExecutor.java:997)
	at io.netty.util.internal.ThreadExecutorMap$2.run(ThreadExecutorMap.java:74)
	at io.netty.util.concurrent.FastThreadLocalRunnable.run(FastThreadLocalRunnable.java:30)
	... 1 common frames omitted
2026-06-23 19:03:29.534 [RMI TCP Connection(1)-192.168.124.50] WARN  o.s.boot.actuate.health.HealthEndpointSupport-Health contributor org.springframework.boot.actuate.autoconfigure.health.HealthEndpointConfiguration$AdaptedReactiveHealthContributors$1 (redis) took 10005ms to respond
2026-06-23 19:08:46.038 [main] INFO  com.atguigu.lease.web.app.AppWebApplication-Starting AppWebApplication using Java 17.0.17 with PID 35196 (D:\java-project\xaingmu\lease\web\web-app\target\classes started by lenovo in D:\java-project\xaingmu\lease)
2026-06-23 19:08:46.040 [main] INFO  com.atguigu.lease.web.app.AppWebApplication-No active profile set, falling back to 1 default profile: "default"
2026-06-23 19:08:47.359 [main] INFO  o.s.d.r.config.RepositoryConfigurationDelegate-Multiple Spring Data modules found, entering strict repository configuration mode
2026-06-23 19:08:47.361 [main] INFO  o.s.d.r.config.RepositoryConfigurationDelegate-Bootstrapping Spring Data Redis repositories in DEFAULT mode.
2026-06-23 19:08:47.404 [main] INFO  o.s.d.r.config.RepositoryConfigurationDelegate-Finished Spring Data repository scanning in 31 ms. Found 0 Redis repository interfaces.
2026-06-23 19:08:48.045 [main] INFO  o.s.boot.web.embedded.tomcat.TomcatWebServer-Tomcat initialized with port(s): 8081 (http)
2026-06-23 19:08:48.056 [main] INFO  org.apache.coyote.http11.Http11NioProtocol-Initializing ProtocolHandler ["http-nio-8081"]
2026-06-23 19:08:48.056 [main] INFO  org.apache.catalina.core.StandardService-Starting service [Tomcat]
2026-06-23 19:08:48.056 [main] INFO  org.apache.catalina.core.StandardEngine-Starting Servlet engine: [Apache Tomcat/10.1.7]
2026-06-23 19:08:48.166 [main] INFO  o.a.c.core.ContainerBase.[Tomcat].[localhost].[/]-Initializing Spring embedded WebApplicationContext
2026-06-23 19:08:48.166 [main] INFO  o.s.b.w.s.c.ServletWebServerApplicationContext-Root WebApplicationContext: initialization completed in 2068 ms
2026-06-23 19:08:51.259 [main] INFO  o.s.b.actuate.endpoint.web.EndpointLinksResolver-Exposing 1 endpoint(s) beneath base path '/actuator'
2026-06-23 19:08:51.309 [main] INFO  org.apache.coyote.http11.Http11NioProtocol-Starting ProtocolHandler ["http-nio-8081"]
2026-06-23 19:08:51.331 [main] INFO  o.s.boot.web.embedded.tomcat.TomcatWebServer-Tomcat started on port(s): 8081 (http) with context path ''
2026-06-23 19:08:51.343 [main] INFO  com.atguigu.lease.web.app.AppWebApplication-Started AppWebApplication in 5.72 seconds (process running for 7.104)
2026-06-23 19:08:51.634 [RMI TCP Connection(3)-192.168.124.50] INFO  com.zaxxer.hikari.HikariDataSource-SPHHikariPool - Starting...
2026-06-23 19:08:51.649 [RMI TCP Connection(4)-192.168.124.50] INFO  o.a.c.core.ContainerBase.[Tomcat].[localhost].[/]-Initializing Spring DispatcherServlet 'dispatcherServlet'
2026-06-23 19:08:51.649 [RMI TCP Connection(4)-192.168.124.50] INFO  org.springframework.web.servlet.DispatcherServlet-Initializing Servlet 'dispatcherServlet'
2026-06-23 19:08:51.652 [RMI TCP Connection(4)-192.168.124.50] INFO  org.springframework.web.servlet.DispatcherServlet-Completed initialization in 2 ms
2026-06-23 19:09:13.750 [RMI TCP Connection(3)-192.168.124.50] ERROR com.zaxxer.hikari.pool.HikariPool-SPHHikariPool - Exception during pool initialization.
com.mysql.cj.jdbc.exceptions.CommunicationsException: Communications link failure

The last packet sent successfully to the server was 0 milliseconds ago. The driver has not received any packets from the server.
	at com.mysql.cj.jdbc.exceptions.SQLError.createCommunicationsException(SQLError.java:174)
	at com.mysql.cj.jdbc.exceptions.SQLExceptionsMapping.translateException(SQLExceptionsMapping.java:64)
	at com.mysql.cj.jdbc.ConnectionImpl.createNewIO(ConnectionImpl.java:824)
	at com.mysql.cj.jdbc.ConnectionImpl.<init>(ConnectionImpl.java:444)
	at com.mysql.cj.jdbc.ConnectionImpl.getInstance(ConnectionImpl.java:237)
	at com.mysql.cj.jdbc.NonRegisteringDriver.connect(NonRegisteringDriver.java:198)
	at com.zaxxer.hikari.util.DriverDataSource.getConnection(DriverDataSource.java:138)
	at com.zaxxer.hikari.pool.PoolBase.newConnection(PoolBase.java:359)
	at com.zaxxer.hikari.pool.PoolBase.newPoolEntry(PoolBase.java:201)
	at com.zaxxer.hikari.pool.HikariPool.createPoolEntry(HikariPool.java:470)
	at com.zaxxer.hikari.pool.HikariPool.checkFailFast(HikariPool.java:561)
	at com.zaxxer.hikari.pool.HikariPool.<init>(HikariPool.java:100)
	at com.zaxxer.hikari.HikariDataSource.getConnection(HikariDataSource.java:112)
	at org.springframework.jdbc.datasource.DataSourceUtils.fetchConnection(DataSourceUtils.java:159)
	at org.springframework.jdbc.datasource.DataSourceUtils.doGetConnection(DataSourceUtils.java:117)
	at org.springframework.jdbc.datasource.DataSourceUtils.getConnection(DataSourceUtils.java:80)
	at org.springframework.jdbc.core.JdbcTemplate.execute(JdbcTemplate.java:330)
	at org.springframework.boot.actuate.jdbc.DataSourceHealthIndicator.getProduct(DataSourceHealthIndicator.java:122)
	at org.springframework.boot.actuate.jdbc.DataSourceHealthIndicator.doDataSourceHealthCheck(DataSourceHealthIndicator.java:105)
	at org.springframework.boot.actuate.jdbc.DataSourceHealthIndicator.doHealthCheck(DataSourceHealthIndicator.java:100)
	at org.springframework.boot.actuate.health.AbstractHealthIndicator.health(AbstractHealthIndicator.java:82)
	at org.springframework.boot.actuate.health.HealthIndicator.getHealth(HealthIndicator.java:37)
	at org.springframework.boot.actuate.health.HealthEndpoint.getHealth(HealthEndpoint.java:82)
	at org.springframework.boot.actuate.health.HealthEndpoint.getHealth(HealthEndpoint.java:41)
	at org.springframework.boot.actuate.health.HealthEndpointSupport.getLoggedHealth(HealthEndpointSupport.java:172)
	at org.springframework.boot.actuate.health.HealthEndpointSupport.getContribution(HealthEndpointSupport.java:145)
	at org.springframework.boot.actuate.health.HealthEndpointSupport.getAggregateContribution(HealthEndpointSupport.java:156)
	at org.springframework.boot.actuate.health.HealthEndpointSupport.getContribution(HealthEndpointSupport.java:141)
	at org.springframework.boot.actuate.health.HealthEndpointSupport.getHealth(HealthEndpointSupport.java:110)
	at org.springframework.boot.actuate.health.HealthEndpointSupport.getHealth(HealthEndpointSupport.java:81)
	at org.springframework.boot.actuate.health.HealthEndpoint.health(HealthEndpoint.java:76)
	at org.springframework.boot.actuate.health.HealthEndpoint.health(HealthEndpoint.java:66)
	at java.base/jdk.internal.reflect.NativeMethodAccessorImpl.invoke0(Native Method)
	at java.base/jdk.internal.reflect.NativeMethodAccessorImpl.invoke(NativeMethodAccessorImpl.java:77)
	at java.base/jdk.internal.reflect.DelegatingMethodAccessorImpl.invoke(DelegatingMethodAccessorImpl.java:43)
	at java.base/java.lang.reflect.Method.invoke(Method.java:569)
	at org.springframework.util.ReflectionUtils.invokeMethod(ReflectionUtils.java:281)
	at org.springframework.boot.actuate.endpoint.invoke.reflect.ReflectiveOperationInvoker.invoke(ReflectiveOperationInvoker.java:74)
	at org.springframework.boot.actuate.endpoint.annotation.AbstractDiscoveredOperation.invoke(AbstractDiscoveredOperation.java:60)
	at org.springframework.boot.actuate.endpoint.jmx.EndpointMBean.invoke(EndpointMBean.java:124)
	at org.springframework.boot.actuate.endpoint.jmx.EndpointMBean.invoke(EndpointMBean.java:97)
	at java.management/com.sun.jmx.interceptor.DefaultMBeanServerInterceptor.invoke(DefaultMBeanServerInterceptor.java:814)
	at java.management/com.sun.jmx.mbeanserver.JmxMBeanServer.invoke(JmxMBeanServer.java:802)
	at java.management.rmi/javax.management.remote.rmi.RMIConnectionImpl.doOperation(RMIConnectionImpl.java:1472)
	at java.management.rmi/javax.management.remote.rmi.RMIConnectionImpl$PrivilegedOperation.run(RMIConnectionImpl.java:1310)
	at java.management.rmi/javax.management.remote.rmi.RMIConnectionImpl.doPrivilegedOperation(RMIConnectionImpl.java:1405)
	at java.management.rmi/javax.management.remote.rmi.RMIConnectionImpl.invoke(RMIConnectionImpl.java:829)
	at java.base/jdk.internal.reflect.GeneratedMethodAccessor43.invoke(Unknown Source)
	at java.base/jdk.internal.reflect.DelegatingMethodAccessorImpl.invoke(DelegatingMethodAccessorImpl.java:43)
	at java.base/java.lang.reflect.Method.invoke(Method.java:569)
	at java.rmi/sun.rmi.server.UnicastServerRef.dispatch(UnicastServerRef.java:360)
	at java.rmi/sun.rmi.transport.Transport$1.run(Transport.java:200)
	at java.rmi/sun.rmi.transport.Transport$1.run(Transport.java:197)
	at java.base/java.security.AccessController.doPrivileged(AccessController.java:712)
	at java.rmi/sun.rmi.transport.Transport.serviceCall(Transport.java:196)
	at java.rmi/sun.rmi.transport.tcp.TCPTransport.handleMessages(TCPTransport.java:587)
	at java.rmi/sun.rmi.transport.tcp.TCPTransport$ConnectionHandler.run0(TCPTransport.java:828)
	at java.rmi/sun.rmi.transport.tcp.TCPTransport$ConnectionHandler.lambda$run$0(TCPTransport.java:705)
	at java.base/java.security.AccessController.doPrivileged(AccessController.java:399)
	at java.rmi/sun.rmi.transport.tcp.TCPTransport$ConnectionHandler.run(TCPTransport.java:704)
	at java.base/java.util.concurrent.ThreadPoolExecutor.runWorker(ThreadPoolExecutor.java:1136)
	at java.base/java.util.concurrent.ThreadPoolExecutor$Worker.run(ThreadPoolExecutor.java:635)
	at java.base/java.lang.Thread.run(Thread.java:840)
Caused by: com.mysql.cj.exceptions.CJCommunicationsException: Communications link failure

The last packet sent successfully to the server was 0 milliseconds ago. The driver has not received any packets from the server.
	at java.base/jdk.internal.reflect.NativeConstructorAccessorImpl.newInstance0(Native Method)
	at java.base/jdk.internal.reflect.NativeConstructorAccessorImpl.newInstance(NativeConstructorAccessorImpl.java:77)
	at java.base/jdk.internal.reflect.DelegatingConstructorAccessorImpl.newInstance(DelegatingConstructorAccessorImpl.java:45)
	at java.base/java.lang.reflect.Constructor.newInstanceWithCaller(Constructor.java:500)
	at java.base/java.lang.reflect.Constructor.newInstance(Constructor.java:481)
	at com.mysql.cj.exceptions.ExceptionFactory.createException(ExceptionFactory.java:61)
	at com.mysql.cj.exceptions.ExceptionFactory.createException(ExceptionFactory.java:105)
	at com.mysql.cj.exceptions.ExceptionFactory.createException(ExceptionFactory.java:151)
	at com.mysql.cj.exceptions.ExceptionFactory.createCommunicationsException(ExceptionFactory.java:167)
	at com.mysql.cj.protocol.a.NativeSocketConnection.connect(NativeSocketConnection.java:89)
	at com.mysql.cj.NativeSession.connect(NativeSession.java:120)
	at com.mysql.cj.jdbc.ConnectionImpl.connectOneTryOnly(ConnectionImpl.java:944)
	at com.mysql.cj.jdbc.ConnectionImpl.createNewIO(ConnectionImpl.java:814)
	... 60 common frames omitted
Caused by: java.net.ConnectException: Connection timed out: getsockopt
	at java.base/sun.nio.ch.Net.pollConnect(Native Method)
	at java.base/sun.nio.ch.Net.pollConnectNow(Net.java:672)
	at java.base/sun.nio.ch.NioSocketImpl.timedFinishConnect(NioSocketImpl.java:554)
	at java.base/sun.nio.ch.NioSocketImpl.connect(NioSocketImpl.java:602)
	at java.base/java.net.SocksSocketImpl.connect(SocksSocketImpl.java:327)
	at java.base/java.net.Socket.connect(Socket.java:639)
	at com.mysql.cj.protocol.StandardSocketFactory.connect(StandardSocketFactory.java:153)
	at com.mysql.cj.protocol.a.NativeSocketConnection.connect(NativeSocketConnection.java:63)
	... 63 common frames omitted
2026-06-23 19:09:13.752 [RMI TCP Connection(3)-192.168.124.50] WARN  o.s.boot.actuate.jdbc.DataSourceHealthIndicator-DataSource health check failed
org.springframework.jdbc.CannotGetJdbcConnectionException: Failed to obtain JDBC Connection
	at org.springframework.jdbc.datasource.DataSourceUtils.getConnection(DataSourceUtils.java:83)
	at org.springframework.jdbc.core.JdbcTemplate.execute(JdbcTemplate.java:330)
	at org.springframework.boot.actuate.jdbc.DataSourceHealthIndicator.getProduct(DataSourceHealthIndicator.java:122)
	at org.springframework.boot.actuate.jdbc.DataSourceHealthIndicator.doDataSourceHealthCheck(DataSourceHealthIndicator.java:105)
	at org.springframework.boot.actuate.jdbc.DataSourceHealthIndicator.doHealthCheck(DataSourceHealthIndicator.java:100)
	at org.springframework.boot.actuate.health.AbstractHealthIndicator.health(AbstractHealthIndicator.java:82)
	at org.springframework.boot.actuate.health.HealthIndicator.getHealth(HealthIndicator.java:37)
	at org.springframework.boot.actuate.health.HealthEndpoint.getHealth(HealthEndpoint.java:82)
	at org.springframework.boot.actuate.health.HealthEndpoint.getHealth(HealthEndpoint.java:41)
	at org.springframework.boot.actuate.health.HealthEndpointSupport.getLoggedHealth(HealthEndpointSupport.java:172)
	at org.springframework.boot.actuate.health.HealthEndpointSupport.getContribution(HealthEndpointSupport.java:145)
	at org.springframework.boot.actuate.health.HealthEndpointSupport.getAggregateContribution(HealthEndpointSupport.java:156)
	at org.springframework.boot.actuate.health.HealthEndpointSupport.getContribution(HealthEndpointSupport.java:141)
	at org.springframework.boot.actuate.health.HealthEndpointSupport.getHealth(HealthEndpointSupport.java:110)
	at org.springframework.boot.actuate.health.HealthEndpointSupport.getHealth(HealthEndpointSupport.java:81)
	at org.springframework.boot.actuate.health.HealthEndpoint.health(HealthEndpoint.java:76)
	at org.springframework.boot.actuate.health.HealthEndpoint.health(HealthEndpoint.java:66)
	at java.base/jdk.internal.reflect.NativeMethodAccessorImpl.invoke0(Native Method)
	at java.base/jdk.internal.reflect.NativeMethodAccessorImpl.invoke(NativeMethodAccessorImpl.java:77)
	at java.base/jdk.internal.reflect.DelegatingMethodAccessorImpl.invoke(DelegatingMethodAccessorImpl.java:43)
	at java.base/java.lang.reflect.Method.invoke(Method.java:569)
	at org.springframework.util.ReflectionUtils.invokeMethod(ReflectionUtils.java:281)
	at org.springframework.boot.actuate.endpoint.invoke.reflect.ReflectiveOperationInvoker.invoke(ReflectiveOperationInvoker.java:74)
	at org.springframework.boot.actuate.endpoint.annotation.AbstractDiscoveredOperation.invoke(AbstractDiscoveredOperation.java:60)
	at org.springframework.boot.actuate.endpoint.jmx.EndpointMBean.invoke(EndpointMBean.java:124)
	at org.springframework.boot.actuate.endpoint.jmx.EndpointMBean.invoke(EndpointMBean.java:97)
	at java.management/com.sun.jmx.interceptor.DefaultMBeanServerInterceptor.invoke(DefaultMBeanServerInterceptor.java:814)
	at java.management/com.sun.jmx.mbeanserver.JmxMBeanServer.invoke(JmxMBeanServer.java:802)
	at java.management.rmi/javax.management.remote.rmi.RMIConnectionImpl.doOperation(RMIConnectionImpl.java:1472)
	at java.management.rmi/javax.management.remote.rmi.RMIConnectionImpl$PrivilegedOperation.run(RMIConnectionImpl.java:1310)
	at java.management.rmi/javax.management.remote.rmi.RMIConnectionImpl.doPrivilegedOperation(RMIConnectionImpl.java:1405)
	at java.management.rmi/javax.management.remote.rmi.RMIConnectionImpl.invoke(RMIConnectionImpl.java:829)
	at java.base/jdk.internal.reflect.GeneratedMethodAccessor43.invoke(Unknown Source)
	at java.base/jdk.internal.reflect.DelegatingMethodAccessorImpl.invoke(DelegatingMethodAccessorImpl.java:43)
	at java.base/java.lang.reflect.Method.invoke(Method.java:569)
	at java.rmi/sun.rmi.server.UnicastServerRef.dispatch(UnicastServerRef.java:360)
	at java.rmi/sun.rmi.transport.Transport$1.run(Transport.java:200)
	at java.rmi/sun.rmi.transport.Transport$1.run(Transport.java:197)
	at java.base/java.security.AccessController.doPrivileged(AccessController.java:712)
	at java.rmi/sun.rmi.transport.Transport.serviceCall(Transport.java:196)
	at java.rmi/sun.rmi.transport.tcp.TCPTransport.handleMessages(TCPTransport.java:587)
	at java.rmi/sun.rmi.transport.tcp.TCPTransport$ConnectionHandler.run0(TCPTransport.java:828)
	at java.rmi/sun.rmi.transport.tcp.TCPTransport$ConnectionHandler.lambda$run$0(TCPTransport.java:705)
	at java.base/java.security.AccessController.doPrivileged(AccessController.java:399)
	at java.rmi/sun.rmi.transport.tcp.TCPTransport$ConnectionHandler.run(TCPTransport.java:704)
	at java.base/java.util.concurrent.ThreadPoolExecutor.runWorker(ThreadPoolExecutor.java:1136)
	at java.base/java.util.concurrent.ThreadPoolExecutor$Worker.run(ThreadPoolExecutor.java:635)
	at java.base/java.lang.Thread.run(Thread.java:840)
Caused by: com.mysql.cj.jdbc.exceptions.CommunicationsException: Communications link failure

The last packet sent successfully to the server was 0 milliseconds ago. The driver has not received any packets from the server.
	at com.mysql.cj.jdbc.exceptions.SQLError.createCommunicationsException(SQLError.java:174)
	at com.mysql.cj.jdbc.exceptions.SQLExceptionsMapping.translateException(SQLExceptionsMapping.java:64)
	at com.mysql.cj.jdbc.ConnectionImpl.createNewIO(ConnectionImpl.java:824)
	at com.mysql.cj.jdbc.ConnectionImpl.<init>(ConnectionImpl.java:444)
	at com.mysql.cj.jdbc.ConnectionImpl.getInstance(ConnectionImpl.java:237)
	at com.mysql.cj.jdbc.NonRegisteringDriver.connect(NonRegisteringDriver.java:198)
	at com.zaxxer.hikari.util.DriverDataSource.getConnection(DriverDataSource.java:138)
	at com.zaxxer.hikari.pool.PoolBase.newConnection(PoolBase.java:359)
	at com.zaxxer.hikari.pool.PoolBase.newPoolEntry(PoolBase.java:201)
	at com.zaxxer.hikari.pool.HikariPool.createPoolEntry(HikariPool.java:470)
	at com.zaxxer.hikari.pool.HikariPool.checkFailFast(HikariPool.java:561)
	at com.zaxxer.hikari.pool.HikariPool.<init>(HikariPool.java:100)
	at com.zaxxer.hikari.HikariDataSource.getConnection(HikariDataSource.java:112)
	at org.springframework.jdbc.datasource.DataSourceUtils.fetchConnection(DataSourceUtils.java:159)
	at org.springframework.jdbc.datasource.DataSourceUtils.doGetConnection(DataSourceUtils.java:117)
	at org.springframework.jdbc.datasource.DataSourceUtils.getConnection(DataSourceUtils.java:80)
	... 47 common frames omitted
Caused by: com.mysql.cj.exceptions.CJCommunicationsException: Communications link failure

The last packet sent successfully to the server was 0 milliseconds ago. The driver has not received any packets from the server.
	at java.base/jdk.internal.reflect.NativeConstructorAccessorImpl.newInstance0(Native Method)
	at java.base/jdk.internal.reflect.NativeConstructorAccessorImpl.newInstance(NativeConstructorAccessorImpl.java:77)
	at java.base/jdk.internal.reflect.DelegatingConstructorAccessorImpl.newInstance(DelegatingConstructorAccessorImpl.java:45)
	at java.base/java.lang.reflect.Constructor.newInstanceWithCaller(Constructor.java:500)
	at java.base/java.lang.reflect.Constructor.newInstance(Constructor.java:481)
	at com.mysql.cj.exceptions.ExceptionFactory.createException(ExceptionFactory.java:61)
	at com.mysql.cj.exceptions.ExceptionFactory.createException(ExceptionFactory.java:105)
	at com.mysql.cj.exceptions.ExceptionFactory.createException(ExceptionFactory.java:151)
	at com.mysql.cj.exceptions.ExceptionFactory.createCommunicationsException(ExceptionFactory.java:167)
	at com.mysql.cj.protocol.a.NativeSocketConnection.connect(NativeSocketConnection.java:89)
	at com.mysql.cj.NativeSession.connect(NativeSession.java:120)
	at com.mysql.cj.jdbc.ConnectionImpl.connectOneTryOnly(ConnectionImpl.java:944)
	at com.mysql.cj.jdbc.ConnectionImpl.createNewIO(ConnectionImpl.java:814)
	... 60 common frames omitted
Caused by: java.net.ConnectException: Connection timed out: getsockopt
	at java.base/sun.nio.ch.Net.pollConnect(Native Method)
	at java.base/sun.nio.ch.Net.pollConnectNow(Net.java:672)
	at java.base/sun.nio.ch.NioSocketImpl.timedFinishConnect(NioSocketImpl.java:554)
	at java.base/sun.nio.ch.NioSocketImpl.connect(NioSocketImpl.java:602)
	at java.base/java.net.SocksSocketImpl.connect(SocksSocketImpl.java:327)
	at java.base/java.net.Socket.connect(Socket.java:639)
	at com.mysql.cj.protocol.StandardSocketFactory.connect(StandardSocketFactory.java:153)
	at com.mysql.cj.protocol.a.NativeSocketConnection.connect(NativeSocketConnection.java:63)
	... 63 common frames omitted
2026-06-23 19:09:13.754 [RMI TCP Connection(3)-192.168.124.50] WARN  o.s.boot.actuate.health.HealthEndpointSupport-Health contributor org.springframework.boot.actuate.jdbc.DataSourceHealthIndicator (db) took 22120ms to respond
2026-06-23 19:09:17.031 [boundedElastic-1] WARN  o.s.b.a.data.redis.RedisReactiveHealthIndicator-Redis health check failed
org.springframework.data.redis.RedisConnectionFailureException: Unable to connect to Redis
	at org.springframework.data.redis.connection.lettuce.LettuceConnectionFactory$ExceptionTranslatingConnectionProvider.translateException(LettuceConnectionFactory.java:1602)
	at org.springframework.data.redis.connection.lettuce.LettuceConnectionFactory$ExceptionTranslatingConnectionProvider.getConnection(LettuceConnectionFactory.java:1533)
	at org.springframework.data.redis.connection.lettuce.LettuceConnectionFactory$SharedConnection.getNativeConnection(LettuceConnectionFactory.java:1358)
	at org.springframework.data.redis.connection.lettuce.LettuceConnectionFactory$SharedConnection.getConnection(LettuceConnectionFactory.java:1341)
	at org.springframework.data.redis.connection.lettuce.LettuceConnectionFactory.getSharedReactiveConnection(LettuceConnectionFactory.java:1083)
	at org.springframework.data.redis.connection.lettuce.LettuceConnectionFactory.getReactiveConnection(LettuceConnectionFactory.java:479)
	at org.springframework.data.redis.connection.lettuce.LettuceConnectionFactory.getReactiveConnection(LettuceConnectionFactory.java:105)
	at reactor.core.publisher.MonoSupplier.call(MonoSupplier.java:67)
	at reactor.core.publisher.FluxSubscribeOnCallable$CallableSubscribeOnSubscription.run(FluxSubscribeOnCallable.java:227)
	at reactor.core.scheduler.SchedulerTask.call(SchedulerTask.java:68)
	at reactor.core.scheduler.SchedulerTask.call(SchedulerTask.java:28)
	at java.base/java.util.concurrent.FutureTask.run(FutureTask.java:264)
	at java.base/java.util.concurrent.ScheduledThreadPoolExecutor$ScheduledFutureTask.run(ScheduledThreadPoolExecutor.java:304)
	at java.base/java.util.concurrent.ThreadPoolExecutor.runWorker(ThreadPoolExecutor.java:1136)
	at java.base/java.util.concurrent.ThreadPoolExecutor$Worker.run(ThreadPoolExecutor.java:635)
	at java.base/java.lang.Thread.run(Thread.java:840)
Caused by: io.lettuce.core.RedisConnectionException: Unable to connect to 192.168.100.101/<unresolved>:6379
	at io.lettuce.core.RedisConnectionException.create(RedisConnectionException.java:78)
	at io.lettuce.core.RedisConnectionException.create(RedisConnectionException.java:56)
	at io.lettuce.core.AbstractRedisClient.getConnection(AbstractRedisClient.java:350)
	at io.lettuce.core.RedisClient.connect(RedisClient.java:216)
	at org.springframework.data.redis.connection.lettuce.StandaloneConnectionProvider.lambda$getConnection$1(StandaloneConnectionProvider.java:111)
	at java.base/java.util.Optional.orElseGet(Optional.java:364)
	at org.springframework.data.redis.connection.lettuce.StandaloneConnectionProvider.getConnection(StandaloneConnectionProvider.java:111)
	at org.springframework.data.redis.connection.lettuce.LettuceConnectionFactory$ExceptionTranslatingConnectionProvider.getConnection(LettuceConnectionFactory.java:1531)
	... 14 common frames omitted
Caused by: java.nio.channels.ClosedChannelException: null
	at io.netty.channel.nio.AbstractNioChannel.doClose(AbstractNioChannel.java:502)
	at io.netty.channel.socket.nio.NioSocketChannel.doClose(NioSocketChannel.java:349)
	at io.netty.channel.AbstractChannel$AbstractUnsafe.doClose0(AbstractChannel.java:754)
	at io.netty.channel.AbstractChannel$AbstractUnsafe.close(AbstractChannel.java:731)
	at io.netty.channel.AbstractChannel$AbstractUnsafe.close(AbstractChannel.java:620)
	at io.netty.channel.DefaultChannelPipeline$HeadContext.close(DefaultChannelPipeline.java:1352)
	at io.netty.channel.AbstractChannelHandlerContext.invokeClose(AbstractChannelHandlerContext.java:749)
	at io.netty.channel.AbstractChannelHandlerContext.access$1200(AbstractChannelHandlerContext.java:61)
	at io.netty.channel.AbstractChannelHandlerContext$11.run(AbstractChannelHandlerContext.java:732)
	at io.netty.util.concurrent.AbstractEventExecutor.runTask(AbstractEventExecutor.java:174)
	at io.netty.util.concurrent.AbstractEventExecutor.safeExecute(AbstractEventExecutor.java:167)
	at io.netty.util.concurrent.SingleThreadEventExecutor.runAllTasks(SingleThreadEventExecutor.java:470)
	at io.netty.channel.nio.NioEventLoop.run(NioEventLoop.java:569)
	at io.netty.util.concurrent.SingleThreadEventExecutor$4.run(SingleThreadEventExecutor.java:997)
	at io.netty.util.internal.ThreadExecutorMap$2.run(ThreadExecutorMap.java:74)
	at io.netty.util.concurrent.FastThreadLocalRunnable.run(FastThreadLocalRunnable.java:30)
	... 1 common frames omitted
2026-06-23 19:13:17.435 [http-nio-8081-exec-4] INFO  c.a.lease.web.app.service.impl.LoginServiceImpl-发送验证码：8959
2026-06-23 19:19:27.836 [http-nio-8081-exec-7] INFO  c.a.lease.web.app.service.impl.LoginServiceImpl-发送验证码：8959
2026-06-23 19:19:32.142 [http-nio-8081-exec-8] WARN  c.b.m.core.toolkit.support.ReflectLambdaMeta-Unable to make field private final java.lang.Class java.lang.invoke.SerializedLambda.capturingClass accessible: module java.base does not "opens java.lang.invoke" to unnamed module @74235045
2026-06-23 19:19:32.154 [http-nio-8081-exec-8] INFO  com.zaxxer.hikari.HikariDataSource-SPHHikariPool - Starting...
2026-06-23 19:19:54.189 [http-nio-8081-exec-8] ERROR com.zaxxer.hikari.pool.HikariPool-SPHHikariPool - Exception during pool initialization.
com.mysql.cj.jdbc.exceptions.CommunicationsException: Communications link failure

The last packet sent successfully to the server was 0 milliseconds ago. The driver has not received any packets from the server.
	at com.mysql.cj.jdbc.exceptions.SQLError.createCommunicationsException(SQLError.java:174)
	at com.mysql.cj.jdbc.exceptions.SQLExceptionsMapping.translateException(SQLExceptionsMapping.java:64)
	at com.mysql.cj.jdbc.ConnectionImpl.createNewIO(ConnectionImpl.java:824)
	at com.mysql.cj.jdbc.ConnectionImpl.<init>(ConnectionImpl.java:444)
	at com.mysql.cj.jdbc.ConnectionImpl.getInstance(ConnectionImpl.java:237)
	at com.mysql.cj.jdbc.NonRegisteringDriver.connect(NonRegisteringDriver.java:198)
	at com.zaxxer.hikari.util.DriverDataSource.getConnection(DriverDataSource.java:138)
	at com.zaxxer.hikari.pool.PoolBase.newConnection(PoolBase.java:359)
	at com.zaxxer.hikari.pool.PoolBase.newPoolEntry(PoolBase.java:201)
	at com.zaxxer.hikari.pool.HikariPool.createPoolEntry(HikariPool.java:470)
	at com.zaxxer.hikari.pool.HikariPool.checkFailFast(HikariPool.java:561)
	at com.zaxxer.hikari.pool.HikariPool.<init>(HikariPool.java:100)
	at com.zaxxer.hikari.HikariDataSource.getConnection(HikariDataSource.java:112)
	at org.springframework.jdbc.datasource.DataSourceUtils.fetchConnection(DataSourceUtils.java:159)
	at org.springframework.jdbc.datasource.DataSourceUtils.doGetConnection(DataSourceUtils.java:117)
	at org.springframework.jdbc.datasource.DataSourceUtils.getConnection(DataSourceUtils.java:80)
	at org.mybatis.spring.transaction.SpringManagedTransaction.openConnection(SpringManagedTransaction.java:80)
	at org.mybatis.spring.transaction.SpringManagedTransaction.getConnection(SpringManagedTransaction.java:67)
	at org.apache.ibatis.executor.BaseExecutor.getConnection(BaseExecutor.java:337)
	at org.apache.ibatis.executor.SimpleExecutor.prepareStatement(SimpleExecutor.java:86)
	at org.apache.ibatis.executor.SimpleExecutor.doQuery(SimpleExecutor.java:62)
	at org.apache.ibatis.executor.BaseExecutor.queryFromDatabase(BaseExecutor.java:325)
	at org.apache.ibatis.executor.BaseExecutor.query(BaseExecutor.java:156)
	at org.apache.ibatis.executor.CachingExecutor.query(CachingExecutor.java:109)
	at com.baomidou.mybatisplus.extension.plugins.MybatisPlusInterceptor.intercept(MybatisPlusInterceptor.java:81)
	at org.apache.ibatis.plugin.Plugin.invoke(Plugin.java:62)
	at jdk.proxy2/jdk.proxy2.$Proxy186.query(Unknown Source)
	at org.apache.ibatis.session.defaults.DefaultSqlSession.selectList(DefaultSqlSession.java:151)
	at org.apache.ibatis.session.defaults.DefaultSqlSession.selectList(DefaultSqlSession.java:145)
	at org.apache.ibatis.session.defaults.DefaultSqlSession.selectList(DefaultSqlSession.java:140)
	at java.base/jdk.internal.reflect.NativeMethodAccessorImpl.invoke0(Native Method)
	at java.base/jdk.internal.reflect.NativeMethodAccessorImpl.invoke(NativeMethodAccessorImpl.java:77)
	at java.base/jdk.internal.reflect.DelegatingMethodAccessorImpl.invoke(DelegatingMethodAccessorImpl.java:43)
	at java.base/java.lang.reflect.Method.invoke(Method.java:569)
	at org.mybatis.spring.SqlSessionTemplate$SqlSessionInterceptor.invoke(SqlSessionTemplate.java:427)
	at jdk.proxy2/jdk.proxy2.$Proxy112.selectList(Unknown Source)
	at org.mybatis.spring.SqlSessionTemplate.selectList(SqlSessionTemplate.java:224)
	at com.baomidou.mybatisplus.core.override.MybatisMapperMethod.executeForMany(MybatisMapperMethod.java:166)
	at com.baomidou.mybatisplus.core.override.MybatisMapperMethod.execute(MybatisMapperMethod.java:77)
	at com.baomidou.mybatisplus.core.override.MybatisMapperProxy$PlainMethodInvoker.invoke(MybatisMapperProxy.java:148)
	at com.baomidou.mybatisplus.core.override.MybatisMapperProxy.invoke(MybatisMapperProxy.java:89)
	at jdk.proxy2/jdk.proxy2.$Proxy126.selectList(Unknown Source)
	at com.baomidou.mybatisplus.core.mapper.BaseMapper.selectOne(BaseMapper.java:172)
	at java.base/java.lang.invoke.MethodHandle.invokeWithArguments(MethodHandle.java:732)
	at com.baomidou.mybatisplus.core.override.MybatisMapperProxy$DefaultMethodInvoker.invoke(MybatisMapperProxy.java:162)
	at com.baomidou.mybatisplus.core.override.MybatisMapperProxy.invoke(MybatisMapperProxy.java:89)
	at jdk.proxy2/jdk.proxy2.$Proxy126.selectOne(Unknown Source)
	at com.atguigu.lease.web.app.service.impl.LoginServiceImpl.login(LoginServiceImpl.java:75)
	at com.atguigu.lease.web.app.controller.login.LoginController.login(LoginController.java:31)
	at java.base/jdk.internal.reflect.NativeMethodAccessorImpl.invoke0(Native Method)
	at java.base/jdk.internal.reflect.NativeMethodAccessorImpl.invoke(NativeMethodAccessorImpl.java:77)
	at java.base/jdk.internal.reflect.DelegatingMethodAccessorImpl.invoke(DelegatingMethodAccessorImpl.java:43)
	at java.base/java.lang.reflect.Method.invoke(Method.java:569)
	at org.springframework.web.method.support.InvocableHandlerMethod.doInvoke(InvocableHandlerMethod.java:207)
	at org.springframework.web.method.support.InvocableHandlerMethod.invokeForRequest(InvocableHandlerMethod.java:152)
	at org.springframework.web.servlet.mvc.method.annotation.ServletInvocableHandlerMethod.invokeAndHandle(ServletInvocableHandlerMethod.java:118)
	at org.springframework.web.servlet.mvc.method.annotation.RequestMappingHandlerAdapter.invokeHandlerMethod(RequestMappingHandlerAdapter.java:884)
	at org.springframework.web.servlet.mvc.method.annotation.RequestMappingHandlerAdapter.handleInternal(RequestMappingHandlerAdapter.java:797)
	at org.springframework.web.servlet.mvc.method.AbstractHandlerMethodAdapter.handle(AbstractHandlerMethodAdapter.java:87)
	at org.springframework.web.servlet.DispatcherServlet.doDispatch(DispatcherServlet.java:1081)
	at org.springframework.web.servlet.DispatcherServlet.doService(DispatcherServlet.java:974)
	at org.springframework.web.servlet.FrameworkServlet.processRequest(FrameworkServlet.java:1011)
	at org.springframework.web.servlet.FrameworkServlet.doPost(FrameworkServlet.java:914)
	at jakarta.servlet.http.HttpServlet.service(HttpServlet.java:563)
	at org.springframework.web.servlet.FrameworkServlet.service(FrameworkServlet.java:885)
	at jakarta.servlet.http.HttpServlet.service(HttpServlet.java:631)
	at org.apache.catalina.core.ApplicationFilterChain.internalDoFilter(ApplicationFilterChain.java:205)
	at org.apache.catalina.core.ApplicationFilterChain.doFilter(ApplicationFilterChain.java:149)
	at org.apache.tomcat.websocket.server.WsFilter.doFilter(WsFilter.java:53)
	at org.apache.catalina.core.ApplicationFilterChain.internalDoFilter(ApplicationFilterChain.java:174)
	at org.apache.catalina.core.ApplicationFilterChain.doFilter(ApplicationFilterChain.java:149)
	at org.springframework.web.filter.RequestContextFilter.doFilterInternal(RequestContextFilter.java:100)
	at org.springframework.web.filter.OncePerRequestFilter.doFilter(OncePerRequestFilter.java:116)
	at org.apache.catalina.core.ApplicationFilterChain.internalDoFilter(ApplicationFilterChain.java:174)
	at org.apache.catalina.core.ApplicationFilterChain.doFilter(ApplicationFilterChain.java:149)
	at org.springframework.web.filter.FormContentFilter.doFilterInternal(FormContentFilter.java:93)
	at org.springframework.web.filter.OncePerRequestFilter.doFilter(OncePerRequestFilter.java:116)
	at org.apache.catalina.core.ApplicationFilterChain.internalDoFilter(ApplicationFilterChain.java:174)
	at org.apache.catalina.core.ApplicationFilterChain.doFilter(ApplicationFilterChain.java:149)
	at org.springframework.web.filter.ServerHttpObservationFilter.doFilterInternal(ServerHttpObservationFilter.java:109)
	at org.springframework.web.filter.OncePerRequestFilter.doFilter(OncePerRequestFilter.java:116)
	at org.apache.catalina.core.ApplicationFilterChain.internalDoFilter(ApplicationFilterChain.java:174)
	at org.apache.catalina.core.ApplicationFilterChain.doFilter(ApplicationFilterChain.java:149)
	at org.springframework.web.filter.CharacterEncodingFilter.doFilterInternal(CharacterEncodingFilter.java:201)
	at org.springframework.web.filter.OncePerRequestFilter.doFilter(OncePerRequestFilter.java:116)
	at org.apache.catalina.core.ApplicationFilterChain.internalDoFilter(ApplicationFilterChain.java:174)
	at org.apache.catalina.core.ApplicationFilterChain.doFilter(ApplicationFilterChain.java:149)
	at org.apache.catalina.core.StandardWrapperValve.invoke(StandardWrapperValve.java:166)
	at org.apache.catalina.core.StandardContextValve.invoke(StandardContextValve.java:90)
	at org.apache.catalina.authenticator.AuthenticatorBase.invoke(AuthenticatorBase.java:493)
	at org.apache.catalina.core.StandardHostValve.invoke(StandardHostValve.java:115)
	at org.apache.catalina.valves.ErrorReportValve.invoke(ErrorReportValve.java:93)
	at org.apache.catalina.core.StandardEngineValve.invoke(StandardEngineValve.java:74)
	at org.apache.catalina.connector.CoyoteAdapter.service(CoyoteAdapter.java:341)
	at org.apache.coyote.http11.Http11Processor.service(Http11Processor.java:390)
	at org.apache.coyote.AbstractProcessorLight.process(AbstractProcessorLight.java:63)
	at org.apache.coyote.AbstractProtocol$ConnectionHandler.process(AbstractProtocol.java:894)
	at org.apache.tomcat.util.net.NioEndpoint$SocketProcessor.doRun(NioEndpoint.java:1741)
	at org.apache.tomcat.util.net.SocketProcessorBase.run(SocketProcessorBase.java:52)
	at org.apache.tomcat.util.threads.ThreadPoolExecutor.runWorker(ThreadPoolExecutor.java:1191)
	at org.apache.tomcat.util.threads.ThreadPoolExecutor$Worker.run(ThreadPoolExecutor.java:659)
	at org.apache.tomcat.util.threads.TaskThread$WrappingRunnable.run(TaskThread.java:61)
	at java.base/java.lang.Thread.run(Thread.java:840)
Caused by: com.mysql.cj.exceptions.CJCommunicationsException: Communications link failure

The last packet sent successfully to the server was 0 milliseconds ago. The driver has not received any packets from the server.
	at java.base/jdk.internal.reflect.NativeConstructorAccessorImpl.newInstance0(Native Method)
	at java.base/jdk.internal.reflect.NativeConstructorAccessorImpl.newInstance(NativeConstructorAccessorImpl.java:77)
	at java.base/jdk.internal.reflect.DelegatingConstructorAccessorImpl.newInstance(DelegatingConstructorAccessorImpl.java:45)
	at java.base/java.lang.reflect.Constructor.newInstanceWithCaller(Constructor.java:500)
	at java.base/java.lang.reflect.Constructor.newInstance(Constructor.java:481)
	at com.mysql.cj.exceptions.ExceptionFactory.createException(ExceptionFactory.java:61)
	at com.mysql.cj.exceptions.ExceptionFactory.createException(ExceptionFactory.java:105)
	at com.mysql.cj.exceptions.ExceptionFactory.createException(ExceptionFactory.java:151)
	at com.mysql.cj.exceptions.ExceptionFactory.createCommunicationsException(ExceptionFactory.java:167)
	at com.mysql.cj.protocol.a.NativeSocketConnection.connect(NativeSocketConnection.java:89)
	at com.mysql.cj.NativeSession.connect(NativeSession.java:120)
	at com.mysql.cj.jdbc.ConnectionImpl.connectOneTryOnly(ConnectionImpl.java:944)
	at com.mysql.cj.jdbc.ConnectionImpl.createNewIO(ConnectionImpl.java:814)
	... 100 common frames omitted
Caused by: java.net.ConnectException: Connection timed out: getsockopt
	at java.base/sun.nio.ch.Net.pollConnect(Native Method)
	at java.base/sun.nio.ch.Net.pollConnectNow(Net.java:672)
	at java.base/sun.nio.ch.NioSocketImpl.timedFinishConnect(NioSocketImpl.java:554)
	at java.base/sun.nio.ch.NioSocketImpl.connect(NioSocketImpl.java:602)
	at java.base/java.net.SocksSocketImpl.connect(SocksSocketImpl.java:327)
	at java.base/java.net.Socket.connect(Socket.java:639)
	at com.mysql.cj.protocol.StandardSocketFactory.connect(StandardSocketFactory.java:153)
	at com.mysql.cj.protocol.a.NativeSocketConnection.connect(NativeSocketConnection.java:63)
	... 103 common frames omitted
2026-06-23 19:20:02.984 [main] INFO  com.atguigu.lease.web.app.AppWebApplication-Starting AppWebApplication using Java 17.0.17 with PID 24324 (D:\java-project\xaingmu\lease\web\web-app\target\classes started by lenovo in D:\java-project\xaingmu\lease)
2026-06-23 19:20:02.987 [main] INFO  com.atguigu.lease.web.app.AppWebApplication-No active profile set, falling back to 1 default profile: "default"
2026-06-23 19:20:03.788 [main] INFO  o.s.d.r.config.RepositoryConfigurationDelegate-Multiple Spring Data modules found, entering strict repository configuration mode
2026-06-23 19:20:03.790 [main] INFO  o.s.d.r.config.RepositoryConfigurationDelegate-Bootstrapping Spring Data Redis repositories in DEFAULT mode.
2026-06-23 19:20:03.824 [main] INFO  o.s.d.r.config.RepositoryConfigurationDelegate-Finished Spring Data repository scanning in 25 ms. Found 0 Redis repository interfaces.
2026-06-23 19:20:04.274 [main] INFO  o.s.boot.web.embedded.tomcat.TomcatWebServer-Tomcat initialized with port(s): 8081 (http)
2026-06-23 19:20:04.282 [main] INFO  org.apache.coyote.http11.Http11NioProtocol-Initializing ProtocolHandler ["http-nio-8081"]
2026-06-23 19:20:04.282 [main] INFO  org.apache.catalina.core.StandardService-Starting service [Tomcat]
2026-06-23 19:20:04.282 [main] INFO  org.apache.catalina.core.StandardEngine-Starting Servlet engine: [Apache Tomcat/10.1.7]
2026-06-23 19:20:04.351 [main] INFO  o.a.c.core.ContainerBase.[Tomcat].[localhost].[/]-Initializing Spring embedded WebApplicationContext
2026-06-23 19:20:04.351 [main] INFO  o.s.b.w.s.c.ServletWebServerApplicationContext-Root WebApplicationContext: initialization completed in 1330 ms
2026-06-23 19:20:06.820 [main] INFO  o.s.b.actuate.endpoint.web.EndpointLinksResolver-Exposing 1 endpoint(s) beneath base path '/actuator'
2026-06-23 19:20:06.874 [main] INFO  org.apache.coyote.http11.Http11NioProtocol-Starting ProtocolHandler ["http-nio-8081"]
2026-06-23 19:20:06.895 [main] INFO  o.s.boot.web.embedded.tomcat.TomcatWebServer-Tomcat started on port(s): 8081 (http) with context path ''
2026-06-23 19:20:06.906 [main] INFO  com.atguigu.lease.web.app.AppWebApplication-Started AppWebApplication in 4.2 seconds (process running for 4.834)
2026-06-23 19:20:07.049 [RMI TCP Connection(3)-192.168.124.50] INFO  o.a.c.core.ContainerBase.[Tomcat].[localhost].[/]-Initializing Spring DispatcherServlet 'dispatcherServlet'
2026-06-23 19:20:07.050 [RMI TCP Connection(3)-192.168.124.50] INFO  org.springframework.web.servlet.DispatcherServlet-Initializing Servlet 'dispatcherServlet'
2026-06-23 19:20:07.053 [RMI TCP Connection(3)-192.168.124.50] INFO  org.springframework.web.servlet.DispatcherServlet-Completed initialization in 3 ms
2026-06-23 19:20:07.069 [RMI TCP Connection(2)-192.168.124.50] INFO  com.zaxxer.hikari.HikariDataSource-SPHHikariPool - Starting...
2026-06-23 19:20:29.187 [RMI TCP Connection(2)-192.168.124.50] ERROR com.zaxxer.hikari.pool.HikariPool-SPHHikariPool - Exception during pool initialization.
com.mysql.cj.jdbc.exceptions.CommunicationsException: Communications link failure

The last packet sent successfully to the server was 0 milliseconds ago. The driver has not received any packets from the server.
	at com.mysql.cj.jdbc.exceptions.SQLError.createCommunicationsException(SQLError.java:174)
	at com.mysql.cj.jdbc.exceptions.SQLExceptionsMapping.translateException(SQLExceptionsMapping.java:64)
	at com.mysql.cj.jdbc.ConnectionImpl.createNewIO(ConnectionImpl.java:824)
	at com.mysql.cj.jdbc.ConnectionImpl.<init>(ConnectionImpl.java:444)
	at com.mysql.cj.jdbc.ConnectionImpl.getInstance(ConnectionImpl.java:237)
	at com.mysql.cj.jdbc.NonRegisteringDriver.connect(NonRegisteringDriver.java:198)
	at com.zaxxer.hikari.util.DriverDataSource.getConnection(DriverDataSource.java:138)
	at com.zaxxer.hikari.pool.PoolBase.newConnection(PoolBase.java:359)
	at com.zaxxer.hikari.pool.PoolBase.newPoolEntry(PoolBase.java:201)
	at com.zaxxer.hikari.pool.HikariPool.createPoolEntry(HikariPool.java:470)
	at com.zaxxer.hikari.pool.HikariPool.checkFailFast(HikariPool.java:561)
	at com.zaxxer.hikari.pool.HikariPool.<init>(HikariPool.java:100)
	at com.zaxxer.hikari.HikariDataSource.getConnection(HikariDataSource.java:112)
	at org.springframework.jdbc.datasource.DataSourceUtils.fetchConnection(DataSourceUtils.java:159)
	at org.springframework.jdbc.datasource.DataSourceUtils.doGetConnection(DataSourceUtils.java:117)
	at org.springframework.jdbc.datasource.DataSourceUtils.getConnection(DataSourceUtils.java:80)
	at org.springframework.jdbc.core.JdbcTemplate.execute(JdbcTemplate.java:330)
	at org.springframework.boot.actuate.jdbc.DataSourceHealthIndicator.getProduct(DataSourceHealthIndicator.java:122)
	at org.springframework.boot.actuate.jdbc.DataSourceHealthIndicator.doDataSourceHealthCheck(DataSourceHealthIndicator.java:105)
	at org.springframework.boot.actuate.jdbc.DataSourceHealthIndicator.doHealthCheck(DataSourceHealthIndicator.java:100)
	at org.springframework.boot.actuate.health.AbstractHealthIndicator.health(AbstractHealthIndicator.java:82)
	at org.springframework.boot.actuate.health.HealthIndicator.getHealth(HealthIndicator.java:37)
	at org.springframework.boot.actuate.health.HealthEndpoint.getHealth(HealthEndpoint.java:82)
	at org.springframework.boot.actuate.health.HealthEndpoint.getHealth(HealthEndpoint.java:41)
	at org.springframework.boot.actuate.health.HealthEndpointSupport.getLoggedHealth(HealthEndpointSupport.java:172)
	at org.springframework.boot.actuate.health.HealthEndpointSupport.getContribution(HealthEndpointSupport.java:145)
	at org.springframework.boot.actuate.health.HealthEndpointSupport.getAggregateContribution(HealthEndpointSupport.java:156)
	at org.springframework.boot.actuate.health.HealthEndpointSupport.getContribution(HealthEndpointSupport.java:141)
	at org.springframework.boot.actuate.health.HealthEndpointSupport.getHealth(HealthEndpointSupport.java:110)
	at org.springframework.boot.actuate.health.HealthEndpointSupport.getHealth(HealthEndpointSupport.java:81)
	at org.springframework.boot.actuate.health.HealthEndpoint.health(HealthEndpoint.java:76)
	at org.springframework.boot.actuate.health.HealthEndpoint.health(HealthEndpoint.java:66)
	at java.base/jdk.internal.reflect.NativeMethodAccessorImpl.invoke0(Native Method)
	at java.base/jdk.internal.reflect.NativeMethodAccessorImpl.invoke(NativeMethodAccessorImpl.java:77)
	at java.base/jdk.internal.reflect.DelegatingMethodAccessorImpl.invoke(DelegatingMethodAccessorImpl.java:43)
	at java.base/java.lang.reflect.Method.invoke(Method.java:569)
	at org.springframework.util.ReflectionUtils.invokeMethod(ReflectionUtils.java:281)
	at org.springframework.boot.actuate.endpoint.invoke.reflect.ReflectiveOperationInvoker.invoke(ReflectiveOperationInvoker.java:74)
	at org.springframework.boot.actuate.endpoint.annotation.AbstractDiscoveredOperation.invoke(AbstractDiscoveredOperation.java:60)
	at org.springframework.boot.actuate.endpoint.jmx.EndpointMBean.invoke(EndpointMBean.java:124)
	at org.springframework.boot.actuate.endpoint.jmx.EndpointMBean.invoke(EndpointMBean.java:97)
	at java.management/com.sun.jmx.interceptor.DefaultMBeanServerInterceptor.invoke(DefaultMBeanServerInterceptor.java:814)
	at java.management/com.sun.jmx.mbeanserver.JmxMBeanServer.invoke(JmxMBeanServer.java:802)
	at java.management.rmi/javax.management.remote.rmi.RMIConnectionImpl.doOperation(RMIConnectionImpl.java:1472)
	at java.management.rmi/javax.management.remote.rmi.RMIConnectionImpl$PrivilegedOperation.run(RMIConnectionImpl.java:1310)
	at java.management.rmi/javax.management.remote.rmi.RMIConnectionImpl.doPrivilegedOperation(RMIConnectionImpl.java:1405)
	at java.management.rmi/javax.management.remote.rmi.RMIConnectionImpl.invoke(RMIConnectionImpl.java:829)
	at java.base/jdk.internal.reflect.GeneratedMethodAccessor40.invoke(Unknown Source)
	at java.base/jdk.internal.reflect.DelegatingMethodAccessorImpl.invoke(DelegatingMethodAccessorImpl.java:43)
	at java.base/java.lang.reflect.Method.invoke(Method.java:569)
	at java.rmi/sun.rmi.server.UnicastServerRef.dispatch(UnicastServerRef.java:360)
	at java.rmi/sun.rmi.transport.Transport$1.run(Transport.java:200)
	at java.rmi/sun.rmi.transport.Transport$1.run(Transport.java:197)
	at java.base/java.security.AccessController.doPrivileged(AccessController.java:712)
	at java.rmi/sun.rmi.transport.Transport.serviceCall(Transport.java:196)
	at java.rmi/sun.rmi.transport.tcp.TCPTransport.handleMessages(TCPTransport.java:587)
	at java.rmi/sun.rmi.transport.tcp.TCPTransport$ConnectionHandler.run0(TCPTransport.java:828)
	at java.rmi/sun.rmi.transport.tcp.TCPTransport$ConnectionHandler.lambda$run$0(TCPTransport.java:705)
	at java.base/java.security.AccessController.doPrivileged(AccessController.java:399)
	at java.rmi/sun.rmi.transport.tcp.TCPTransport$ConnectionHandler.run(TCPTransport.java:704)
	at java.base/java.util.concurrent.ThreadPoolExecutor.runWorker(ThreadPoolExecutor.java:1136)
	at java.base/java.util.concurrent.ThreadPoolExecutor$Worker.run(ThreadPoolExecutor.java:635)
	at java.base/java.lang.Thread.run(Thread.java:840)
Caused by: com.mysql.cj.exceptions.CJCommunicationsException: Communications link failure

The last packet sent successfully to the server was 0 milliseconds ago. The driver has not received any packets from the server.
	at java.base/jdk.internal.reflect.NativeConstructorAccessorImpl.newInstance0(Native Method)
	at java.base/jdk.internal.reflect.NativeConstructorAccessorImpl.newInstance(NativeConstructorAccessorImpl.java:77)
	at java.base/jdk.internal.reflect.DelegatingConstructorAccessorImpl.newInstance(DelegatingConstructorAccessorImpl.java:45)
	at java.base/java.lang.reflect.Constructor.newInstanceWithCaller(Constructor.java:500)
	at java.base/java.lang.reflect.Constructor.newInstance(Constructor.java:481)
	at com.mysql.cj.exceptions.ExceptionFactory.createException(ExceptionFactory.java:61)
	at com.mysql.cj.exceptions.ExceptionFactory.createException(ExceptionFactory.java:105)
	at com.mysql.cj.exceptions.ExceptionFactory.createException(ExceptionFactory.java:151)
	at com.mysql.cj.exceptions.ExceptionFactory.createCommunicationsException(ExceptionFactory.java:167)
	at com.mysql.cj.protocol.a.NativeSocketConnection.connect(NativeSocketConnection.java:89)
	at com.mysql.cj.NativeSession.connect(NativeSession.java:120)
	at com.mysql.cj.jdbc.ConnectionImpl.connectOneTryOnly(ConnectionImpl.java:944)
	at com.mysql.cj.jdbc.ConnectionImpl.createNewIO(ConnectionImpl.java:814)
	... 60 common frames omitted
Caused by: java.net.ConnectException: Connection timed out: getsockopt
	at java.base/sun.nio.ch.Net.pollConnect(Native Method)
	at java.base/sun.nio.ch.Net.pollConnectNow(Net.java:672)
	at java.base/sun.nio.ch.NioSocketImpl.timedFinishConnect(NioSocketImpl.java:554)
	at java.base/sun.nio.ch.NioSocketImpl.connect(NioSocketImpl.java:602)
	at java.base/java.net.SocksSocketImpl.connect(SocksSocketImpl.java:327)
	at java.base/java.net.Socket.connect(Socket.java:639)
	at com.mysql.cj.protocol.StandardSocketFactory.connect(StandardSocketFactory.java:153)
	at com.mysql.cj.protocol.a.NativeSocketConnection.connect(NativeSocketConnection.java:63)
	... 63 common frames omitted
2026-06-23 19:20:29.190 [RMI TCP Connection(2)-192.168.124.50] WARN  o.s.boot.actuate.jdbc.DataSourceHealthIndicator-DataSource health check failed
org.springframework.jdbc.CannotGetJdbcConnectionException: Failed to obtain JDBC Connection
	at org.springframework.jdbc.datasource.DataSourceUtils.getConnection(DataSourceUtils.java:83)
	at org.springframework.jdbc.core.JdbcTemplate.execute(JdbcTemplate.java:330)
	at org.springframework.boot.actuate.jdbc.DataSourceHealthIndicator.getProduct(DataSourceHealthIndicator.java:122)
	at org.springframework.boot.actuate.jdbc.DataSourceHealthIndicator.doDataSourceHealthCheck(DataSourceHealthIndicator.java:105)
	at org.springframework.boot.actuate.jdbc.DataSourceHealthIndicator.doHealthCheck(DataSourceHealthIndicator.java:100)
	at org.springframework.boot.actuate.health.AbstractHealthIndicator.health(AbstractHealthIndicator.java:82)
	at org.springframework.boot.actuate.health.HealthIndicator.getHealth(HealthIndicator.java:37)
	at org.springframework.boot.actuate.health.HealthEndpoint.getHealth(HealthEndpoint.java:82)
	at org.springframework.boot.actuate.health.HealthEndpoint.getHealth(HealthEndpoint.java:41)
	at org.springframework.boot.actuate.health.HealthEndpointSupport.getLoggedHealth(HealthEndpointSupport.java:172)
	at org.springframework.boot.actuate.health.HealthEndpointSupport.getContribution(HealthEndpointSupport.java:145)
	at org.springframework.boot.actuate.health.HealthEndpointSupport.getAggregateContribution(HealthEndpointSupport.java:156)
	at org.springframework.boot.actuate.health.HealthEndpointSupport.getContribution(HealthEndpointSupport.java:141)
	at org.springframework.boot.actuate.health.HealthEndpointSupport.getHealth(HealthEndpointSupport.java:110)
	at org.springframework.boot.actuate.health.HealthEndpointSupport.getHealth(HealthEndpointSupport.java:81)
	at org.springframework.boot.actuate.health.HealthEndpoint.health(HealthEndpoint.java:76)
	at org.springframework.boot.actuate.health.HealthEndpoint.health(HealthEndpoint.java:66)
	at java.base/jdk.internal.reflect.NativeMethodAccessorImpl.invoke0(Native Method)
	at java.base/jdk.internal.reflect.NativeMethodAccessorImpl.invoke(NativeMethodAccessorImpl.java:77)
	at java.base/jdk.internal.reflect.DelegatingMethodAccessorImpl.invoke(DelegatingMethodAccessorImpl.java:43)
	at java.base/java.lang.reflect.Method.invoke(Method.java:569)
	at org.springframework.util.ReflectionUtils.invokeMethod(ReflectionUtils.java:281)
	at org.springframework.boot.actuate.endpoint.invoke.reflect.ReflectiveOperationInvoker.invoke(ReflectiveOperationInvoker.java:74)
	at org.springframework.boot.actuate.endpoint.annotation.AbstractDiscoveredOperation.invoke(AbstractDiscoveredOperation.java:60)
	at org.springframework.boot.actuate.endpoint.jmx.EndpointMBean.invoke(EndpointMBean.java:124)
	at org.springframework.boot.actuate.endpoint.jmx.EndpointMBean.invoke(EndpointMBean.java:97)
	at java.management/com.sun.jmx.interceptor.DefaultMBeanServerInterceptor.invoke(DefaultMBeanServerInterceptor.java:814)
	at java.management/com.sun.jmx.mbeanserver.JmxMBeanServer.invoke(JmxMBeanServer.java:802)
	at java.management.rmi/javax.management.remote.rmi.RMIConnectionImpl.doOperation(RMIConnectionImpl.java:1472)
	at java.management.rmi/javax.management.remote.rmi.RMIConnectionImpl$PrivilegedOperation.run(RMIConnectionImpl.java:1310)
	at java.management.rmi/javax.management.remote.rmi.RMIConnectionImpl.doPrivilegedOperation(RMIConnectionImpl.java:1405)
	at java.management.rmi/javax.management.remote.rmi.RMIConnectionImpl.invoke(RMIConnectionImpl.java:829)
	at java.base/jdk.internal.reflect.GeneratedMethodAccessor40.invoke(Unknown Source)
	at java.base/jdk.internal.reflect.DelegatingMethodAccessorImpl.invoke(DelegatingMethodAccessorImpl.java:43)
	at java.base/java.lang.reflect.Method.invoke(Method.java:569)
	at java.rmi/sun.rmi.server.UnicastServerRef.dispatch(UnicastServerRef.java:360)
	at java.rmi/sun.rmi.transport.Transport$1.run(Transport.java:200)
	at java.rmi/sun.rmi.transport.Transport$1.run(Transport.java:197)
	at java.base/java.security.AccessController.doPrivileged(AccessController.java:712)
	at java.rmi/sun.rmi.transport.Transport.serviceCall(Transport.java:196)
	at java.rmi/sun.rmi.transport.tcp.TCPTransport.handleMessages(TCPTransport.java:587)
	at java.rmi/sun.rmi.transport.tcp.TCPTransport$ConnectionHandler.run0(TCPTransport.java:828)
	at java.rmi/sun.rmi.transport.tcp.TCPTransport$ConnectionHandler.lambda$run$0(TCPTransport.java:705)
	at java.base/java.security.AccessController.doPrivileged(AccessController.java:399)
	at java.rmi/sun.rmi.transport.tcp.TCPTransport$ConnectionHandler.run(TCPTransport.java:704)
	at java.base/java.util.concurrent.ThreadPoolExecutor.runWorker(ThreadPoolExecutor.java:1136)
	at java.base/java.util.concurrent.ThreadPoolExecutor$Worker.run(ThreadPoolExecutor.java:635)
	at java.base/java.lang.Thread.run(Thread.java:840)
Caused by: com.mysql.cj.jdbc.exceptions.CommunicationsException: Communications link failure

The last packet sent successfully to the server was 0 milliseconds ago. The driver has not received any packets from the server.
	at com.mysql.cj.jdbc.exceptions.SQLError.createCommunicationsException(SQLError.java:174)
	at com.mysql.cj.jdbc.exceptions.SQLExceptionsMapping.translateException(SQLExceptionsMapping.java:64)
	at com.mysql.cj.jdbc.ConnectionImpl.createNewIO(ConnectionImpl.java:824)
	at com.mysql.cj.jdbc.ConnectionImpl.<init>(ConnectionImpl.java:444)
	at com.mysql.cj.jdbc.ConnectionImpl.getInstance(ConnectionImpl.java:237)
	at com.mysql.cj.jdbc.NonRegisteringDriver.connect(NonRegisteringDriver.java:198)
	at com.zaxxer.hikari.util.DriverDataSource.getConnection(DriverDataSource.java:138)
	at com.zaxxer.hikari.pool.PoolBase.newConnection(PoolBase.java:359)
	at com.zaxxer.hikari.pool.PoolBase.newPoolEntry(PoolBase.java:201)
	at com.zaxxer.hikari.pool.HikariPool.createPoolEntry(HikariPool.java:470)
	at com.zaxxer.hikari.pool.HikariPool.checkFailFast(HikariPool.java:561)
	at com.zaxxer.hikari.pool.HikariPool.<init>(HikariPool.java:100)
	at com.zaxxer.hikari.HikariDataSource.getConnection(HikariDataSource.java:112)
	at org.springframework.jdbc.datasource.DataSourceUtils.fetchConnection(DataSourceUtils.java:159)
	at org.springframework.jdbc.datasource.DataSourceUtils.doGetConnection(DataSourceUtils.java:117)
	at org.springframework.jdbc.datasource.DataSourceUtils.getConnection(DataSourceUtils.java:80)
	... 47 common frames omitted
Caused by: com.mysql.cj.exceptions.CJCommunicationsException: Communications link failure

The last packet sent successfully to the server was 0 milliseconds ago. The driver has not received any packets from the server.
	at java.base/jdk.internal.reflect.NativeConstructorAccessorImpl.newInstance0(Native Method)
	at java.base/jdk.internal.reflect.NativeConstructorAccessorImpl.newInstance(NativeConstructorAccessorImpl.java:77)
	at java.base/jdk.internal.reflect.DelegatingConstructorAccessorImpl.newInstance(DelegatingConstructorAccessorImpl.java:45)
	at java.base/java.lang.reflect.Constructor.newInstanceWithCaller(Constructor.java:500)
	at java.base/java.lang.reflect.Constructor.newInstance(Constructor.java:481)
	at com.mysql.cj.exceptions.ExceptionFactory.createException(ExceptionFactory.java:61)
	at com.mysql.cj.exceptions.ExceptionFactory.createException(ExceptionFactory.java:105)
	at com.mysql.cj.exceptions.ExceptionFactory.createException(ExceptionFactory.java:151)
	at com.mysql.cj.exceptions.ExceptionFactory.createCommunicationsException(ExceptionFactory.java:167)
	at com.mysql.cj.protocol.a.NativeSocketConnection.connect(NativeSocketConnection.java:89)
	at com.mysql.cj.NativeSession.connect(NativeSession.java:120)
	at com.mysql.cj.jdbc.ConnectionImpl.connectOneTryOnly(ConnectionImpl.java:944)
	at com.mysql.cj.jdbc.ConnectionImpl.createNewIO(ConnectionImpl.java:814)
	... 60 common frames omitted
Caused by: java.net.ConnectException: Connection timed out: getsockopt
	at java.base/sun.nio.ch.Net.pollConnect(Native Method)
	at java.base/sun.nio.ch.Net.pollConnectNow(Net.java:672)
	at java.base/sun.nio.ch.NioSocketImpl.timedFinishConnect(NioSocketImpl.java:554)
	at java.base/sun.nio.ch.NioSocketImpl.connect(NioSocketImpl.java:602)
	at java.base/java.net.SocksSocketImpl.connect(SocksSocketImpl.java:327)
	at java.base/java.net.Socket.connect(Socket.java:639)
	at com.mysql.cj.protocol.StandardSocketFactory.connect(StandardSocketFactory.java:153)
	at com.mysql.cj.protocol.a.NativeSocketConnection.connect(NativeSocketConnection.java:63)
	... 63 common frames omitted
2026-06-23 19:20:29.192 [RMI TCP Connection(2)-192.168.124.50] WARN  o.s.boot.actuate.health.HealthEndpointSupport-Health contributor org.springframework.boot.actuate.jdbc.DataSourceHealthIndicator (db) took 22127ms to respond
2026-06-23 19:20:54.079 [http-nio-8081-exec-1] INFO  c.a.lease.web.app.service.impl.LoginServiceImpl-发送验证码：8959
2026-06-23 19:20:55.156 [http-nio-8081-exec-4] WARN  c.b.m.core.toolkit.support.ReflectLambdaMeta-Unable to make field private final java.lang.Class java.lang.invoke.SerializedLambda.capturingClass accessible: module java.base does not "opens java.lang.invoke" to unnamed module @443118b0
2026-06-23 19:20:55.167 [http-nio-8081-exec-4] INFO  com.zaxxer.hikari.HikariDataSource-SPHHikariPool - Starting...
2026-06-23 19:21:17.219 [http-nio-8081-exec-4] ERROR com.zaxxer.hikari.pool.HikariPool-SPHHikariPool - Exception during pool initialization.
com.mysql.cj.jdbc.exceptions.CommunicationsException: Communications link failure

The last packet sent successfully to the server was 0 milliseconds ago. The driver has not received any packets from the server.
	at com.mysql.cj.jdbc.exceptions.SQLError.createCommunicationsException(SQLError.java:174)
	at com.mysql.cj.jdbc.exceptions.SQLExceptionsMapping.translateException(SQLExceptionsMapping.java:64)
	at com.mysql.cj.jdbc.ConnectionImpl.createNewIO(ConnectionImpl.java:824)
	at com.mysql.cj.jdbc.ConnectionImpl.<init>(ConnectionImpl.java:444)
	at com.mysql.cj.jdbc.ConnectionImpl.getInstance(ConnectionImpl.java:237)
	at com.mysql.cj.jdbc.NonRegisteringDriver.connect(NonRegisteringDriver.java:198)
	at com.zaxxer.hikari.util.DriverDataSource.getConnection(DriverDataSource.java:138)
	at com.zaxxer.hikari.pool.PoolBase.newConnection(PoolBase.java:359)
	at com.zaxxer.hikari.pool.PoolBase.newPoolEntry(PoolBase.java:201)
	at com.zaxxer.hikari.pool.HikariPool.createPoolEntry(HikariPool.java:470)
	at com.zaxxer.hikari.pool.HikariPool.checkFailFast(HikariPool.java:561)
	at com.zaxxer.hikari.pool.HikariPool.<init>(HikariPool.java:100)
	at com.zaxxer.hikari.HikariDataSource.getConnection(HikariDataSource.java:112)
	at org.springframework.jdbc.datasource.DataSourceUtils.fetchConnection(DataSourceUtils.java:159)
	at org.springframework.jdbc.datasource.DataSourceUtils.doGetConnection(DataSourceUtils.java:117)
	at org.springframework.jdbc.datasource.DataSourceUtils.getConnection(DataSourceUtils.java:80)
	at org.mybatis.spring.transaction.SpringManagedTransaction.openConnection(SpringManagedTransaction.java:80)
	at org.mybatis.spring.transaction.SpringManagedTransaction.getConnection(SpringManagedTransaction.java:67)
	at org.apache.ibatis.executor.BaseExecutor.getConnection(BaseExecutor.java:337)
	at org.apache.ibatis.executor.SimpleExecutor.prepareStatement(SimpleExecutor.java:86)
	at org.apache.ibatis.executor.SimpleExecutor.doQuery(SimpleExecutor.java:62)
	at org.apache.ibatis.executor.BaseExecutor.queryFromDatabase(BaseExecutor.java:325)
	at org.apache.ibatis.executor.BaseExecutor.query(BaseExecutor.java:156)
	at org.apache.ibatis.executor.CachingExecutor.query(CachingExecutor.java:109)
	at com.baomidou.mybatisplus.extension.plugins.MybatisPlusInterceptor.intercept(MybatisPlusInterceptor.java:81)
	at org.apache.ibatis.plugin.Plugin.invoke(Plugin.java:62)
	at jdk.proxy2/jdk.proxy2.$Proxy186.query(Unknown Source)
	at org.apache.ibatis.session.defaults.DefaultSqlSession.selectList(DefaultSqlSession.java:151)
	at org.apache.ibatis.session.defaults.DefaultSqlSession.selectList(DefaultSqlSession.java:145)
	at org.apache.ibatis.session.defaults.DefaultSqlSession.selectList(DefaultSqlSession.java:140)
	at java.base/jdk.internal.reflect.NativeMethodAccessorImpl.invoke0(Native Method)
	at java.base/jdk.internal.reflect.NativeMethodAccessorImpl.invoke(NativeMethodAccessorImpl.java:77)
	at java.base/jdk.internal.reflect.DelegatingMethodAccessorImpl.invoke(DelegatingMethodAccessorImpl.java:43)
	at java.base/java.lang.reflect.Method.invoke(Method.java:569)
	at org.mybatis.spring.SqlSessionTemplate$SqlSessionInterceptor.invoke(SqlSessionTemplate.java:427)
	at jdk.proxy2/jdk.proxy2.$Proxy112.selectList(Unknown Source)
	at org.mybatis.spring.SqlSessionTemplate.selectList(SqlSessionTemplate.java:224)
	at com.baomidou.mybatisplus.core.override.MybatisMapperMethod.executeForMany(MybatisMapperMethod.java:166)
	at com.baomidou.mybatisplus.core.override.MybatisMapperMethod.execute(MybatisMapperMethod.java:77)
	at com.baomidou.mybatisplus.core.override.MybatisMapperProxy$PlainMethodInvoker.invoke(MybatisMapperProxy.java:148)
	at com.baomidou.mybatisplus.core.override.MybatisMapperProxy.invoke(MybatisMapperProxy.java:89)
	at jdk.proxy2/jdk.proxy2.$Proxy126.selectList(Unknown Source)
	at com.baomidou.mybatisplus.core.mapper.BaseMapper.selectOne(BaseMapper.java:172)
	at java.base/java.lang.invoke.MethodHandle.invokeWithArguments(MethodHandle.java:732)
	at com.baomidou.mybatisplus.core.override.MybatisMapperProxy$DefaultMethodInvoker.invoke(MybatisMapperProxy.java:162)
	at com.baomidou.mybatisplus.core.override.MybatisMapperProxy.invoke(MybatisMapperProxy.java:89)
	at jdk.proxy2/jdk.proxy2.$Proxy126.selectOne(Unknown Source)
	at com.atguigu.lease.web.app.service.impl.LoginServiceImpl.login(LoginServiceImpl.java:75)
	at com.atguigu.lease.web.app.controller.login.LoginController.login(LoginController.java:31)
	at java.base/jdk.internal.reflect.NativeMethodAccessorImpl.invoke0(Native Method)
	at java.base/jdk.internal.reflect.NativeMethodAccessorImpl.invoke(NativeMethodAccessorImpl.java:77)
	at java.base/jdk.internal.reflect.DelegatingMethodAccessorImpl.invoke(DelegatingMethodAccessorImpl.java:43)
	at java.base/java.lang.reflect.Method.invoke(Method.java:569)
	at org.springframework.web.method.support.InvocableHandlerMethod.doInvoke(InvocableHandlerMethod.java:207)
	at org.springframework.web.method.support.InvocableHandlerMethod.invokeForRequest(InvocableHandlerMethod.java:152)
	at org.springframework.web.servlet.mvc.method.annotation.ServletInvocableHandlerMethod.invokeAndHandle(ServletInvocableHandlerMethod.java:118)
	at org.springframework.web.servlet.mvc.method.annotation.RequestMappingHandlerAdapter.invokeHandlerMethod(RequestMappingHandlerAdapter.java:884)
	at org.springframework.web.servlet.mvc.method.annotation.RequestMappingHandlerAdapter.handleInternal(RequestMappingHandlerAdapter.java:797)
	at org.springframework.web.servlet.mvc.method.AbstractHandlerMethodAdapter.handle(AbstractHandlerMethodAdapter.java:87)
	at org.springframework.web.servlet.DispatcherServlet.doDispatch(DispatcherServlet.java:1081)
	at org.springframework.web.servlet.DispatcherServlet.doService(DispatcherServlet.java:974)
	at org.springframework.web.servlet.FrameworkServlet.processRequest(FrameworkServlet.java:1011)
	at org.springframework.web.servlet.FrameworkServlet.doPost(FrameworkServlet.java:914)
	at jakarta.servlet.http.HttpServlet.service(HttpServlet.java:563)
	at org.springframework.web.servlet.FrameworkServlet.service(FrameworkServlet.java:885)
	at jakarta.servlet.http.HttpServlet.service(HttpServlet.java:631)
	at org.apache.catalina.core.ApplicationFilterChain.internalDoFilter(ApplicationFilterChain.java:205)
	at org.apache.catalina.core.ApplicationFilterChain.doFilter(ApplicationFilterChain.java:149)
	at org.apache.tomcat.websocket.server.WsFilter.doFilter(WsFilter.java:53)
	at org.apache.catalina.core.ApplicationFilterChain.internalDoFilter(ApplicationFilterChain.java:174)
	at org.apache.catalina.core.ApplicationFilterChain.doFilter(ApplicationFilterChain.java:149)
	at org.springframework.web.filter.RequestContextFilter.doFilterInternal(RequestContextFilter.java:100)
	at org.springframework.web.filter.OncePerRequestFilter.doFilter(OncePerRequestFilter.java:116)
	at org.apache.catalina.core.ApplicationFilterChain.internalDoFilter(ApplicationFilterChain.java:174)
	at org.apache.catalina.core.ApplicationFilterChain.doFilter(ApplicationFilterChain.java:149)
	at org.springframework.web.filter.FormContentFilter.doFilterInternal(FormContentFilter.java:93)
	at org.springframework.web.filter.OncePerRequestFilter.doFilter(OncePerRequestFilter.java:116)
	at org.apache.catalina.core.ApplicationFilterChain.internalDoFilter(ApplicationFilterChain.java:174)
	at org.apache.catalina.core.ApplicationFilterChain.doFilter(ApplicationFilterChain.java:149)
	at org.springframework.web.filter.ServerHttpObservationFilter.doFilterInternal(ServerHttpObservationFilter.java:109)
	at org.springframework.web.filter.OncePerRequestFilter.doFilter(OncePerRequestFilter.java:116)
	at org.apache.catalina.core.ApplicationFilterChain.internalDoFilter(ApplicationFilterChain.java:174)
	at org.apache.catalina.core.ApplicationFilterChain.doFilter(ApplicationFilterChain.java:149)
	at org.springframework.web.filter.CharacterEncodingFilter.doFilterInternal(CharacterEncodingFilter.java:201)
	at org.springframework.web.filter.OncePerRequestFilter.doFilter(OncePerRequestFilter.java:116)
	at org.apache.catalina.core.ApplicationFilterChain.internalDoFilter(ApplicationFilterChain.java:174)
	at org.apache.catalina.core.ApplicationFilterChain.doFilter(ApplicationFilterChain.java:149)
	at org.apache.catalina.core.StandardWrapperValve.invoke(StandardWrapperValve.java:166)
	at org.apache.catalina.core.StandardContextValve.invoke(StandardContextValve.java:90)
	at org.apache.catalina.authenticator.AuthenticatorBase.invoke(AuthenticatorBase.java:493)
	at org.apache.catalina.core.StandardHostValve.invoke(StandardHostValve.java:115)
	at org.apache.catalina.valves.ErrorReportValve.invoke(ErrorReportValve.java:93)
	at org.apache.catalina.core.StandardEngineValve.invoke(StandardEngineValve.java:74)
	at org.apache.catalina.connector.CoyoteAdapter.service(CoyoteAdapter.java:341)
	at org.apache.coyote.http11.Http11Processor.service(Http11Processor.java:390)
	at org.apache.coyote.AbstractProcessorLight.process(AbstractProcessorLight.java:63)
	at org.apache.coyote.AbstractProtocol$ConnectionHandler.process(AbstractProtocol.java:894)
	at org.apache.tomcat.util.net.NioEndpoint$SocketProcessor.doRun(NioEndpoint.java:1741)
	at org.apache.tomcat.util.net.SocketProcessorBase.run(SocketProcessorBase.java:52)
	at org.apache.tomcat.util.threads.ThreadPoolExecutor.runWorker(ThreadPoolExecutor.java:1191)
	at org.apache.tomcat.util.threads.ThreadPoolExecutor$Worker.run(ThreadPoolExecutor.java:659)
	at org.apache.tomcat.util.threads.TaskThread$WrappingRunnable.run(TaskThread.java:61)
	at java.base/java.lang.Thread.run(Thread.java:840)
Caused by: com.mysql.cj.exceptions.CJCommunicationsException: Communications link failure

The last packet sent successfully to the server was 0 milliseconds ago. The driver has not received any packets from the server.
	at java.base/jdk.internal.reflect.NativeConstructorAccessorImpl.newInstance0(Native Method)
	at java.base/jdk.internal.reflect.NativeConstructorAccessorImpl.newInstance(NativeConstructorAccessorImpl.java:77)
	at java.base/jdk.internal.reflect.DelegatingConstructorAccessorImpl.newInstance(DelegatingConstructorAccessorImpl.java:45)
	at java.base/java.lang.reflect.Constructor.newInstanceWithCaller(Constructor.java:500)
	at java.base/java.lang.reflect.Constructor.newInstance(Constructor.java:481)
	at com.mysql.cj.exceptions.ExceptionFactory.createException(ExceptionFactory.java:61)
	at com.mysql.cj.exceptions.ExceptionFactory.createException(ExceptionFactory.java:105)
	at com.mysql.cj.exceptions.ExceptionFactory.createException(ExceptionFactory.java:151)
	at com.mysql.cj.exceptions.ExceptionFactory.createCommunicationsException(ExceptionFactory.java:167)
	at com.mysql.cj.protocol.a.NativeSocketConnection.connect(NativeSocketConnection.java:89)
	at com.mysql.cj.NativeSession.connect(NativeSession.java:120)
	at com.mysql.cj.jdbc.ConnectionImpl.connectOneTryOnly(ConnectionImpl.java:944)
	at com.mysql.cj.jdbc.ConnectionImpl.createNewIO(ConnectionImpl.java:814)
	... 100 common frames omitted
Caused by: java.net.ConnectException: Connection timed out: getsockopt
	at java.base/sun.nio.ch.Net.pollConnect(Native Method)
	at java.base/sun.nio.ch.Net.pollConnectNow(Net.java:672)
	at java.base/sun.nio.ch.NioSocketImpl.timedFinishConnect(NioSocketImpl.java:554)
	at java.base/sun.nio.ch.NioSocketImpl.connect(NioSocketImpl.java:602)
	at java.base/java.net.SocksSocketImpl.connect(SocksSocketImpl.java:327)
	at java.base/java.net.Socket.connect(Socket.java:639)
	at com.mysql.cj.protocol.StandardSocketFactory.connect(StandardSocketFactory.java:153)
	at com.mysql.cj.protocol.a.NativeSocketConnection.connect(NativeSocketConnection.java:63)
	... 103 common frames omitted
2026-06-23 19:22:01.596 [http-nio-8081-exec-7] INFO  com.zaxxer.hikari.HikariDataSource-SPHHikariPool - Starting...
2026-06-23 19:22:01.673 [http-nio-8081-exec-7] INFO  com.zaxxer.hikari.pool.HikariPool-SPHHikariPool - Added connection com.mysql.cj.jdbc.ConnectionImpl@2344ffb8
2026-06-23 19:22:01.676 [http-nio-8081-exec-7] INFO  com.zaxxer.hikari.HikariDataSource-SPHHikariPool - Start completed.
2026-06-23 19:23:27.246 [http-nio-8081-exec-2] INFO  c.a.lease.web.app.service.impl.RoomInfoServiceImpl-redis缓存查询:
2026-06-23 19:23:27.249 [http-nio-8081-exec-2] INFO  c.a.lease.web.app.service.impl.RoomInfoServiceImpl-redis缓存未查询到:2
2026-06-23 19:23:27.249 [http-nio-8081-exec-2] INFO  c.a.lease.web.app.service.impl.RoomInfoServiceImpl-getDtailById:2
2026-06-23 19:23:27.303 [http-nio-8081-exec-2] INFO  c.a.lease.web.app.service.impl.RoomInfoServiceImpl-保存redis缓存:RoomDetailVo(apartmentItemVo=ApartmentItemVo(labelInfoList=[LabelInfo(type=APARTMENT, name=近地铁), LabelInfo(type=APARTMENT, name=近公交), LabelInfo(type=APARTMENT, name=有电梯), LabelInfo(type=APARTMENT, name=停车场)], graphVoList=[GraphInfo(name=公寓-外观.jpg, itemType=null, itemId=null, url=http://192.168.100.101:9000/lease/20260621/08a0499e-3204-423b-8840-06f8e9d36d09-公寓-外观.jpg), GraphInfo(name=公寓-停车位.jpg, itemType=null, itemId=null, url=http://192.168.100.101:9000/lease/20260621/947acdaa-4061-4f20-bc1f-2995a1f1c7fc-公寓-停车位.jpg), GraphInfo(name=房间-厨房-1.jpg, itemType=null, itemId=null, url=http://192.168.100.101:9000/lease/20260621/ba53b561-cfd7-4353-8d5a-f5edd044986f-房间-厨房-1.jpg)], minRent=2000.00), graphVoList=[GraphInfo(name=房间-厨房-2.jpg, itemType=null, itemId=null, url=http://192.168.100.101:9000/lease/20260622/e6797f19-2bd1-43c4-bd94-8dc92b0dc922-房间-厨房-2.jpg), GraphInfo(name=房间-客厅-2.jpg, itemType=null, itemId=null, url=http://192.168.100.101:9000/lease/20260622/efe0d874-48f1-4645-a543-e32effef658f-房间-客厅-2.jpg)], attrValueVoList=[AttrValueVo(attrKeyName=户型), AttrValueVo(attrKeyName=面积), AttrValueVo(attrKeyName=朝向), AttrValueVo(attrKeyName=采光)], facilityInfoList=[FacilityInfo(type=ROOM, name=空调, icon=空调), FacilityInfo(type=ROOM, name=洗衣机, icon=洗衣机), FacilityInfo(type=ROOM, name=冰箱, icon=冰箱), FacilityInfo(type=ROOM, name=书桌, icon=书桌), FacilityInfo(type=ROOM, name=WIFI, icon=宽带), FacilityInfo(type=ROOM, name=床, icon=床), FacilityInfo(type=ROOM, name=沙发, icon=沙发), FacilityInfo(type=ROOM, name=微波炉, icon=微波炉), FacilityInfo(type=ROOM, name=油烟机, icon=抽油烟机), FacilityInfo(type=ROOM, name=热水器, icon=热水器), FacilityInfo(type=ROOM, name=衣柜, icon=衣柜), FacilityInfo(type=ROOM, name=电视机, icon=电视机)], labelInfoList=[LabelInfo(type=ROOM, name=独卫), LabelInfo(type=ROOM, name=阳台)], paymentTypeList=[PaymentType(name=月付, payMonthCount=1, additionalInfo=押一付一), PaymentType(name=季付, payMonthCount=3, additionalInfo=押一付三), PaymentType(name=半年付, payMonthCount=6, additionalInfo=押一付六), PaymentType(name=年付, payMonthCount=12, additionalInfo=压一付十二)], feeValueVoList=[], leaseTermList=[LeaseTerm(monthCount=1, unit=月), LeaseTerm(monthCount=3, unit=月), LeaseTerm(monthCount=6, unit=月), LeaseTerm(monthCount=12, unit=月)])
2026-06-23 19:23:27.321 [http-nio-8081-exec-2] INFO  c.a.lease.web.app.service.impl.RoomInfoServiceImpl-保存用户浏览历史
2026-06-23 19:23:44.050 [http-nio-8081-exec-1] INFO  c.a.lease.web.app.service.impl.RoomInfoServiceImpl-redis缓存查询:
2026-06-23 19:23:44.052 [http-nio-8081-exec-1] INFO  c.a.lease.web.app.service.impl.RoomInfoServiceImpl-redis缓存未查询到:15
2026-06-23 19:23:44.053 [http-nio-8081-exec-1] INFO  c.a.lease.web.app.service.impl.RoomInfoServiceImpl-getDtailById:15
2026-06-23 19:23:44.084 [http-nio-8081-exec-1] INFO  c.a.lease.web.app.service.impl.RoomInfoServiceImpl-保存redis缓存:RoomDetailVo(apartmentItemVo=ApartmentItemVo(labelInfoList=[LabelInfo(type=APARTMENT, name=近地铁), LabelInfo(type=APARTMENT, name=近公交), LabelInfo(type=APARTMENT, name=停车场)], graphVoList=[GraphInfo(name=房间-厨房-3.jpg, itemType=null, itemId=null, url=http://192.168.100.101:9000/lease/20260621/78565b81-f9ca-4b5f-b6f1-65461a7aaa58-房间-厨房-3.jpg), GraphInfo(name=公寓-外观.jpg, itemType=null, itemId=null, url=http://192.168.100.101:9000/lease/20260621/16791b84-0c25-472d-b0cc-818840431415-公寓-外观.jpg), GraphInfo(name=房间-卧室-2.jpg, itemType=null, itemId=null, url=http://192.168.100.101:9000/lease/20260621/5d0c99f9-8883-47d3-8496-6891ae9fc9cc-房间-卧室-2.jpg)], minRent=3000.00), graphVoList=[GraphInfo(name=房间-厨房-1.jpg, itemType=null, itemId=null, url=http://113.141.166.99:9000/lease/20230819/6230d6c8-4be6-47f1-86c3-18b50afbecd7-房间-厨房-1.jpg), GraphInfo(name=房间-卧室-1.jpg, itemType=null, itemId=null, url=http://113.141.166.99:9000/lease/20230819/d7fc0b0a-e242-432e-97d2-29108903dcd3-房间-卧室-1.jpg), GraphInfo(name=房间-客厅-1.jpg, itemType=null, itemId=null, url=http://113.141.166.99:9000/lease/20230819/6c25050c-3f54-44cf-9f83-334a9eab7c03-房间-客厅-1.jpg)], attrValueVoList=[AttrValueVo(attrKeyName=户型), AttrValueVo(attrKeyName=面积), AttrValueVo(attrKeyName=朝向), AttrValueVo(attrKeyName=采光), AttrValueVo(attrKeyName=卫所)], facilityInfoList=[FacilityInfo(type=ROOM, name=空调, icon=空调), FacilityInfo(type=ROOM, name=洗衣机, icon=洗衣机), FacilityInfo(type=ROOM, name=冰箱, icon=冰箱), FacilityInfo(type=ROOM, name=书桌, icon=书桌), FacilityInfo(type=ROOM, name=WIFI, icon=宽带), FacilityInfo(type=ROOM, name=床, icon=床), FacilityInfo(type=ROOM, name=沙发, icon=沙发), FacilityInfo(type=ROOM, name=微波炉, icon=微波炉), FacilityInfo(type=ROOM, name=油烟机, icon=抽油烟机), FacilityInfo(type=ROOM, name=热水器, icon=热水器), FacilityInfo(type=ROOM, name=衣柜, icon=衣柜), FacilityInfo(type=ROOM, name=电视机, icon=电视机)], labelInfoList=[LabelInfo(type=ROOM, name=朝南), LabelInfo(type=ROOM, name=独卫), LabelInfo(type=ROOM, name=阳台)], paymentTypeList=[PaymentType(name=月付, payMonthCount=1, additionalInfo=押一付一), PaymentType(name=季付, payMonthCount=3, additionalInfo=押一付三), PaymentType(name=半年付, payMonthCount=6, additionalInfo=押一付六), PaymentType(name=年付, payMonthCount=12, additionalInfo=压一付十二)], feeValueVoList=[], leaseTermList=[LeaseTerm(monthCount=1, unit=月), LeaseTerm(monthCount=3, unit=月), LeaseTerm(monthCount=6, unit=月), LeaseTerm(monthCount=12, unit=月)])
2026-06-23 19:23:44.087 [http-nio-8081-exec-1] INFO  c.a.lease.web.app.service.impl.RoomInfoServiceImpl-保存用户浏览历史
2026-06-23 19:25:09.322 [SpringApplicationShutdownHook] INFO  com.zaxxer.hikari.HikariDataSource-SPHHikariPool - Shutdown initiated...
2026-06-23 19:25:09.326 [SpringApplicationShutdownHook] INFO  com.zaxxer.hikari.HikariDataSource-SPHHikariPool - Shutdown completed.
2026-06-23 19:25:12.610 [main] INFO  com.atguigu.lease.web.app.AppWebApplication-Starting AppWebApplication using Java 17.0.17 with PID 32936 (D:\java-project\xaingmu\lease\web\web-app\target\classes started by lenovo in D:\java-project\xaingmu\lease)
2026-06-23 19:25:12.612 [main] INFO  com.atguigu.lease.web.app.AppWebApplication-No active profile set, falling back to 1 default profile: "default"
2026-06-23 19:25:13.326 [main] INFO  o.s.d.r.config.RepositoryConfigurationDelegate-Multiple Spring Data modules found, entering strict repository configuration mode
2026-06-23 19:25:13.328 [main] INFO  o.s.d.r.config.RepositoryConfigurationDelegate-Bootstrapping Spring Data Redis repositories in DEFAULT mode.
2026-06-23 19:25:13.358 [main] INFO  o.s.d.r.config.RepositoryConfigurationDelegate-Finished Spring Data repository scanning in 22 ms. Found 0 Redis repository interfaces.
2026-06-23 19:25:13.432 [main] WARN  org.mybatis.spring.mapper.ClassPathMapperScanner-Skipping MapperFactoryBean with name 'apartmentFacilityMapper' and 'com.atguigu.lease.web.app.mapper.ApartmentFacilityMapper' mapperInterface. Bean already defined with the same name!
2026-06-23 19:25:13.432 [main] WARN  org.mybatis.spring.mapper.ClassPathMapperScanner-Skipping MapperFactoryBean with name 'apartmentFeeValueMapper' and 'com.atguigu.lease.web.app.mapper.ApartmentFeeValueMapper' mapperInterface. Bean already defined with the same name!
2026-06-23 19:25:13.432 [main] WARN  org.mybatis.spring.mapper.ClassPathMapperScanner-Skipping MapperFactoryBean with name 'apartmentInfoMapper' and 'com.atguigu.lease.web.app.mapper.ApartmentInfoMapper' mapperInterface. Bean already defined with the same name!
2026-06-23 19:25:13.432 [main] WARN  org.mybatis.spring.mapper.ClassPathMapperScanner-Skipping MapperFactoryBean with name 'apartmentLabelMapper' and 'com.atguigu.lease.web.app.mapper.ApartmentLabelMapper' mapperInterface. Bean already defined with the same name!
2026-06-23 19:25:13.432 [main] WARN  org.mybatis.spring.mapper.ClassPathMapperScanner-Skipping MapperFactoryBean with name 'attrKeyMapper' and 'com.atguigu.lease.web.app.mapper.AttrKeyMapper' mapperInterface. Bean already defined with the same name!
2026-06-23 19:25:13.432 [main] WARN  org.mybatis.spring.mapper.ClassPathMapperScanner-Skipping MapperFactoryBean with name 'attrValueMapper' and 'com.atguigu.lease.web.app.mapper.AttrValueMapper' mapperInterface. Bean already defined with the same name!
2026-06-23 19:25:13.432 [main] WARN  org.mybatis.spring.mapper.ClassPathMapperScanner-Skipping MapperFactoryBean with name 'browsingHistoryMapper' and 'com.atguigu.lease.web.app.mapper.BrowsingHistoryMapper' mapperInterface. Bean already defined with the same name!
2026-06-23 19:25:13.432 [main] WARN  org.mybatis.spring.mapper.ClassPathMapperScanner-Skipping MapperFactoryBean with name 'cityInfoMapper' and 'com.atguigu.lease.web.app.mapper.CityInfoMapper' mapperInterface. Bean already defined with the same name!
2026-06-23 19:25:13.432 [main] WARN  org.mybatis.spring.mapper.ClassPathMapperScanner-Skipping MapperFactoryBean with name 'districtInfoMapper' and 'com.atguigu.lease.web.app.mapper.DistrictInfoMapper' mapperInterface. Bean already defined with the same name!
2026-06-23 19:25:13.432 [main] WARN  org.mybatis.spring.mapper.ClassPathMapperScanner-Skipping MapperFactoryBean with name 'facilityInfoMapper' and 'com.atguigu.lease.web.app.mapper.FacilityInfoMapper' mapperInterface. Bean already defined with the same name!
2026-06-23 19:25:13.432 [main] WARN  org.mybatis.spring.mapper.ClassPathMapperScanner-Skipping MapperFactoryBean with name 'feeKeyMapper' and 'com.atguigu.lease.web.app.mapper.FeeKeyMapper' mapperInterface. Bean already defined with the same name!
2026-06-23 19:25:13.432 [main] WARN  org.mybatis.spring.mapper.ClassPathMapperScanner-Skipping MapperFactoryBean with name 'feeValueMapper' and 'com.atguigu.lease.web.app.mapper.FeeValueMapper' mapperInterface. Bean already defined with the same name!
2026-06-23 19:25:13.432 [main] WARN  org.mybatis.spring.mapper.ClassPathMapperScanner-Skipping MapperFactoryBean with name 'graphInfoMapper' and 'com.atguigu.lease.web.app.mapper.GraphInfoMapper' mapperInterface. Bean already defined with the same name!
2026-06-23 19:25:13.432 [main] WARN  org.mybatis.spring.mapper.ClassPathMapperScanner-Skipping MapperFactoryBean with name 'labelInfoMapper' and 'com.atguigu.lease.web.app.mapper.LabelInfoMapper' mapperInterface. Bean already defined with the same name!
2026-06-23 19:25:13.432 [main] WARN  org.mybatis.spring.mapper.ClassPathMapperScanner-Skipping MapperFactoryBean with name 'leaseAgreementMapper' and 'com.atguigu.lease.web.app.mapper.LeaseAgreementMapper' mapperInterface. Bean already defined with the same name!
2026-06-23 19:25:13.432 [main] WARN  org.mybatis.spring.mapper.ClassPathMapperScanner-Skipping MapperFactoryBean with name 'leaseTermMapper' and 'com.atguigu.lease.web.app.mapper.LeaseTermMapper' mapperInterface. Bean already defined with the same name!
2026-06-23 19:25:13.432 [main] WARN  org.mybatis.spring.mapper.ClassPathMapperScanner-Skipping MapperFactoryBean with name 'paymentTypeMapper' and 'com.atguigu.lease.web.app.mapper.PaymentTypeMapper' mapperInterface. Bean already defined with the same name!
2026-06-23 19:25:13.432 [main] WARN  org.mybatis.spring.mapper.ClassPathMapperScanner-Skipping MapperFactoryBean with name 'provinceInfoMapper' and 'com.atguigu.lease.web.app.mapper.ProvinceInfoMapper' mapperInterface. Bean already defined with the same name!
2026-06-23 19:25:13.432 [main] WARN  org.mybatis.spring.mapper.ClassPathMapperScanner-Skipping MapperFactoryBean with name 'roomAttrValueMapper' and 'com.atguigu.lease.web.app.mapper.RoomAttrValueMapper' mapperInterface. Bean already defined with the same name!
2026-06-23 19:25:13.432 [main] WARN  org.mybatis.spring.mapper.ClassPathMapperScanner-Skipping MapperFactoryBean with name 'roomFacilityMapper' and 'com.atguigu.lease.web.app.mapper.RoomFacilityMapper' mapperInterface. Bean already defined with the same name!
2026-06-23 19:25:13.432 [main] WARN  org.mybatis.spring.mapper.ClassPathMapperScanner-Skipping MapperFactoryBean with name 'roomInfoMapper' and 'com.atguigu.lease.web.app.mapper.RoomInfoMapper' mapperInterface. Bean already defined with the same name!
2026-06-23 19:25:13.433 [main] WARN  org.mybatis.spring.mapper.ClassPathMapperScanner-Skipping MapperFactoryBean with name 'roomLabelMapper' and 'com.atguigu.lease.web.app.mapper.RoomLabelMapper' mapperInterface. Bean already defined with the same name!
2026-06-23 19:25:13.433 [main] WARN  org.mybatis.spring.mapper.ClassPathMapperScanner-Skipping MapperFactoryBean with name 'roomLeaseTermMapper' and 'com.atguigu.lease.web.app.mapper.RoomLeaseTermMapper' mapperInterface. Bean already defined with the same name!
2026-06-23 19:25:13.433 [main] WARN  org.mybatis.spring.mapper.ClassPathMapperScanner-Skipping MapperFactoryBean with name 'roomPaymentTypeMapper' and 'com.atguigu.lease.web.app.mapper.RoomPaymentTypeMapper' mapperInterface. Bean already defined with the same name!
2026-06-23 19:25:13.433 [main] WARN  org.mybatis.spring.mapper.ClassPathMapperScanner-Skipping MapperFactoryBean with name 'userInfoMapper' and 'com.atguigu.lease.web.app.mapper.UserInfoMapper' mapperInterface. Bean already defined with the same name!
2026-06-23 19:25:13.433 [main] WARN  org.mybatis.spring.mapper.ClassPathMapperScanner-Skipping MapperFactoryBean with name 'viewAppointmentMapper' and 'com.atguigu.lease.web.app.mapper.ViewAppointmentMapper' mapperInterface. Bean already defined with the same name!
2026-06-23 19:25:13.433 [main] WARN  org.mybatis.spring.mapper.ClassPathMapperScanner-No MyBatis mapper was found in '[com.atguigu.lease.web.app.mapper]' package. Please check your configuration.
2026-06-23 19:25:13.835 [main] INFO  o.s.boot.web.embedded.tomcat.TomcatWebServer-Tomcat initialized with port(s): 8081 (http)
2026-06-23 19:25:13.841 [main] INFO  org.apache.coyote.http11.Http11NioProtocol-Initializing ProtocolHandler ["http-nio-8081"]
2026-06-23 19:25:13.841 [main] INFO  org.apache.catalina.core.StandardService-Starting service [Tomcat]
2026-06-23 19:25:13.841 [main] INFO  org.apache.catalina.core.StandardEngine-Starting Servlet engine: [Apache Tomcat/10.1.7]
2026-06-23 19:25:13.908 [main] INFO  o.a.c.core.ContainerBase.[Tomcat].[localhost].[/]-Initializing Spring embedded WebApplicationContext
2026-06-23 19:25:13.908 [main] INFO  o.s.b.w.s.c.ServletWebServerApplicationContext-Root WebApplicationContext: initialization completed in 1258 ms
2026-06-23 19:25:15.927 [main] INFO  o.s.b.actuate.endpoint.web.EndpointLinksResolver-Exposing 1 endpoint(s) beneath base path '/actuator'
2026-06-23 19:25:15.974 [main] INFO  org.apache.coyote.http11.Http11NioProtocol-Starting ProtocolHandler ["http-nio-8081"]
2026-06-23 19:25:15.992 [main] INFO  o.s.boot.web.embedded.tomcat.TomcatWebServer-Tomcat started on port(s): 8081 (http) with context path ''
2026-06-23 19:25:16.002 [main] INFO  com.atguigu.lease.web.app.AppWebApplication-Started AppWebApplication in 3.635 seconds (process running for 4.186)
2026-06-23 19:25:16.501 [RMI TCP Connection(3)-192.168.124.50] INFO  com.zaxxer.hikari.HikariDataSource-SPHHikariPool - Starting...
2026-06-23 19:25:16.512 [RMI TCP Connection(2)-192.168.124.50] INFO  o.a.c.core.ContainerBase.[Tomcat].[localhost].[/]-Initializing Spring DispatcherServlet 'dispatcherServlet'
2026-06-23 19:25:16.512 [RMI TCP Connection(2)-192.168.124.50] INFO  org.springframework.web.servlet.DispatcherServlet-Initializing Servlet 'dispatcherServlet'
2026-06-23 19:25:16.513 [RMI TCP Connection(2)-192.168.124.50] INFO  org.springframework.web.servlet.DispatcherServlet-Completed initialization in 1 ms
2026-06-23 19:25:16.615 [RMI TCP Connection(3)-192.168.124.50] INFO  com.zaxxer.hikari.pool.HikariPool-SPHHikariPool - Added connection com.mysql.cj.jdbc.ConnectionImpl@2689460d
2026-06-23 19:25:16.621 [RMI TCP Connection(3)-192.168.124.50] INFO  com.zaxxer.hikari.HikariDataSource-SPHHikariPool - Start completed.
2026-06-23 19:25:22.409 [http-nio-8081-exec-1] INFO  c.a.lease.web.app.service.impl.RoomInfoServiceImpl-redis缓存查询:
2026-06-23 19:25:22.439 [http-nio-8081-exec-1] INFO  c.a.lease.web.app.service.impl.RoomInfoServiceImpl-保存用户浏览历史
2026-06-23 19:25:22.488 [task-1] WARN  c.b.m.core.toolkit.support.ReflectLambdaMeta-Unable to make field private final java.lang.Class java.lang.invoke.SerializedLambda.capturingClass accessible: module java.base does not "opens java.lang.invoke" to unnamed module @74235045
2026-06-23 19:25:40.733 [http-nio-8081-exec-2] INFO  c.a.lease.web.app.service.impl.LoginServiceImpl-发送验证码：8959
2026-06-23 19:25:42.602 [http-nio-8081-exec-3] INFO  c.a.lease.web.app.service.impl.LoginServiceImpl-发送验证码：8959
2026-06-23 19:36:23.545 [SpringApplicationShutdownHook] INFO  com.zaxxer.hikari.HikariDataSource-SPHHikariPool - Shutdown initiated...
2026-06-23 19:36:23.547 [SpringApplicationShutdownHook] INFO  com.zaxxer.hikari.HikariDataSource-SPHHikariPool - Shutdown completed.
2026-06-23 19:36:25.530 [main] INFO  com.atguigu.lease.web.app.AppWebApplication-Starting AppWebApplication using Java 17.0.17 with PID 10740 (D:\java-project\xaingmu\lease\web\web-app\target\classes started by lenovo in D:\java-project\xaingmu\lease)
2026-06-23 19:36:25.532 [main] INFO  com.atguigu.lease.web.app.AppWebApplication-No active profile set, falling back to 1 default profile: "default"
2026-06-23 19:36:26.213 [main] INFO  o.s.d.r.config.RepositoryConfigurationDelegate-Multiple Spring Data modules found, entering strict repository configuration mode
2026-06-23 19:36:26.216 [main] INFO  o.s.d.r.config.RepositoryConfigurationDelegate-Bootstrapping Spring Data Redis repositories in DEFAULT mode.
2026-06-23 19:36:26.246 [main] INFO  o.s.d.r.config.RepositoryConfigurationDelegate-Finished Spring Data repository scanning in 20 ms. Found 0 Redis repository interfaces.
2026-06-23 19:36:26.314 [main] WARN  org.mybatis.spring.mapper.ClassPathMapperScanner-Skipping MapperFactoryBean with name 'apartmentFacilityMapper' and 'com.atguigu.lease.web.app.mapper.ApartmentFacilityMapper' mapperInterface. Bean already defined with the same name!
2026-06-23 19:36:26.314 [main] WARN  org.mybatis.spring.mapper.ClassPathMapperScanner-Skipping MapperFactoryBean with name 'apartmentFeeValueMapper' and 'com.atguigu.lease.web.app.mapper.ApartmentFeeValueMapper' mapperInterface. Bean already defined with the same name!
2026-06-23 19:36:26.314 [main] WARN  org.mybatis.spring.mapper.ClassPathMapperScanner-Skipping MapperFactoryBean with name 'apartmentInfoMapper' and 'com.atguigu.lease.web.app.mapper.ApartmentInfoMapper' mapperInterface. Bean already defined with the same name!
2026-06-23 19:36:26.314 [main] WARN  org.mybatis.spring.mapper.ClassPathMapperScanner-Skipping MapperFactoryBean with name 'apartmentLabelMapper' and 'com.atguigu.lease.web.app.mapper.ApartmentLabelMapper' mapperInterface. Bean already defined with the same name!
2026-06-23 19:36:26.314 [main] WARN  org.mybatis.spring.mapper.ClassPathMapperScanner-Skipping MapperFactoryBean with name 'attrKeyMapper' and 'com.atguigu.lease.web.app.mapper.AttrKeyMapper' mapperInterface. Bean already defined with the same name!
2026-06-23 19:36:26.314 [main] WARN  org.mybatis.spring.mapper.ClassPathMapperScanner-Skipping MapperFactoryBean with name 'attrValueMapper' and 'com.atguigu.lease.web.app.mapper.AttrValueMapper' mapperInterface. Bean already defined with the same name!
2026-06-23 19:36:26.314 [main] WARN  org.mybatis.spring.mapper.ClassPathMapperScanner-Skipping MapperFactoryBean with name 'browsingHistoryMapper' and 'com.atguigu.lease.web.app.mapper.BrowsingHistoryMapper' mapperInterface. Bean already defined with the same name!
2026-06-23 19:36:26.314 [main] WARN  org.mybatis.spring.mapper.ClassPathMapperScanner-Skipping MapperFactoryBean with name 'cityInfoMapper' and 'com.atguigu.lease.web.app.mapper.CityInfoMapper' mapperInterface. Bean already defined with the same name!
2026-06-23 19:36:26.314 [main] WARN  org.mybatis.spring.mapper.ClassPathMapperScanner-Skipping MapperFactoryBean with name 'districtInfoMapper' and 'com.atguigu.lease.web.app.mapper.DistrictInfoMapper' mapperInterface. Bean already defined with the same name!
2026-06-23 19:36:26.314 [main] WARN  org.mybatis.spring.mapper.ClassPathMapperScanner-Skipping MapperFactoryBean with name 'facilityInfoMapper' and 'com.atguigu.lease.web.app.mapper.FacilityInfoMapper' mapperInterface. Bean already defined with the same name!
2026-06-23 19:36:26.314 [main] WARN  org.mybatis.spring.mapper.ClassPathMapperScanner-Skipping MapperFactoryBean with name 'feeKeyMapper' and 'com.atguigu.lease.web.app.mapper.FeeKeyMapper' mapperInterface. Bean already defined with the same name!
2026-06-23 19:36:26.315 [main] WARN  org.mybatis.spring.mapper.ClassPathMapperScanner-Skipping MapperFactoryBean with name 'feeValueMapper' and 'com.atguigu.lease.web.app.mapper.FeeValueMapper' mapperInterface. Bean already defined with the same name!
2026-06-23 19:36:26.315 [main] WARN  org.mybatis.spring.mapper.ClassPathMapperScanner-Skipping MapperFactoryBean with name 'graphInfoMapper' and 'com.atguigu.lease.web.app.mapper.GraphInfoMapper' mapperInterface. Bean already defined with the same name!
2026-06-23 19:36:26.315 [main] WARN  org.mybatis.spring.mapper.ClassPathMapperScanner-Skipping MapperFactoryBean with name 'labelInfoMapper' and 'com.atguigu.lease.web.app.mapper.LabelInfoMapper' mapperInterface. Bean already defined with the same name!
2026-06-23 19:36:26.315 [main] WARN  org.mybatis.spring.mapper.ClassPathMapperScanner-Skipping MapperFactoryBean with name 'leaseAgreementMapper' and 'com.atguigu.lease.web.app.mapper.LeaseAgreementMapper' mapperInterface. Bean already defined with the same name!
2026-06-23 19:36:26.315 [main] WARN  org.mybatis.spring.mapper.ClassPathMapperScanner-Skipping MapperFactoryBean with name 'leaseTermMapper' and 'com.atguigu.lease.web.app.mapper.LeaseTermMapper' mapperInterface. Bean already defined with the same name!
2026-06-23 19:36:26.315 [main] WARN  org.mybatis.spring.mapper.ClassPathMapperScanner-Skipping MapperFactoryBean with name 'paymentTypeMapper' and 'com.atguigu.lease.web.app.mapper.PaymentTypeMapper' mapperInterface. Bean already defined with the same name!
2026-06-23 19:36:26.315 [main] WARN  org.mybatis.spring.mapper.ClassPathMapperScanner-Skipping MapperFactoryBean with name 'provinceInfoMapper' and 'com.atguigu.lease.web.app.mapper.ProvinceInfoMapper' mapperInterface. Bean already defined with the same name!
2026-06-23 19:36:26.315 [main] WARN  org.mybatis.spring.mapper.ClassPathMapperScanner-Skipping MapperFactoryBean with name 'roomAttrValueMapper' and 'com.atguigu.lease.web.app.mapper.RoomAttrValueMapper' mapperInterface. Bean already defined with the same name!
2026-06-23 19:36:26.315 [main] WARN  org.mybatis.spring.mapper.ClassPathMapperScanner-Skipping MapperFactoryBean with name 'roomFacilityMapper' and 'com.atguigu.lease.web.app.mapper.RoomFacilityMapper' mapperInterface. Bean already defined with the same name!
2026-06-23 19:36:26.315 [main] WARN  org.mybatis.spring.mapper.ClassPathMapperScanner-Skipping MapperFactoryBean with name 'roomInfoMapper' and 'com.atguigu.lease.web.app.mapper.RoomInfoMapper' mapperInterface. Bean already defined with the same name!
2026-06-23 19:36:26.315 [main] WARN  org.mybatis.spring.mapper.ClassPathMapperScanner-Skipping MapperFactoryBean with name 'roomLabelMapper' and 'com.atguigu.lease.web.app.mapper.RoomLabelMapper' mapperInterface. Bean already defined with the same name!
2026-06-23 19:36:26.315 [main] WARN  org.mybatis.spring.mapper.ClassPathMapperScanner-Skipping MapperFactoryBean with name 'roomLeaseTermMapper' and 'com.atguigu.lease.web.app.mapper.RoomLeaseTermMapper' mapperInterface. Bean already defined with the same name!
2026-06-23 19:36:26.315 [main] WARN  org.mybatis.spring.mapper.ClassPathMapperScanner-Skipping MapperFactoryBean with name 'roomPaymentTypeMapper' and 'com.atguigu.lease.web.app.mapper.RoomPaymentTypeMapper' mapperInterface. Bean already defined with the same name!
2026-06-23 19:36:26.315 [main] WARN  org.mybatis.spring.mapper.ClassPathMapperScanner-Skipping MapperFactoryBean with name 'userInfoMapper' and 'com.atguigu.lease.web.app.mapper.UserInfoMapper' mapperInterface. Bean already defined with the same name!
2026-06-23 19:36:26.315 [main] WARN  org.mybatis.spring.mapper.ClassPathMapperScanner-Skipping MapperFactoryBean with name 'viewAppointmentMapper' and 'com.atguigu.lease.web.app.mapper.ViewAppointmentMapper' mapperInterface. Bean already defined with the same name!
2026-06-23 19:36:26.315 [main] WARN  org.mybatis.spring.mapper.ClassPathMapperScanner-No MyBatis mapper was found in '[com.atguigu.lease.web.app.mapper]' package. Please check your configuration.
2026-06-23 19:36:26.667 [main] INFO  o.s.boot.web.embedded.tomcat.TomcatWebServer-Tomcat initialized with port(s): 8081 (http)
2026-06-23 19:36:26.673 [main] INFO  org.apache.coyote.http11.Http11NioProtocol-Initializing ProtocolHandler ["http-nio-8081"]
2026-06-23 19:36:26.673 [main] INFO  org.apache.catalina.core.StandardService-Starting service [Tomcat]
2026-06-23 19:36:26.673 [main] INFO  org.apache.catalina.core.StandardEngine-Starting Servlet engine: [Apache Tomcat/10.1.7]
2026-06-23 19:36:26.730 [main] INFO  o.a.c.core.ContainerBase.[Tomcat].[localhost].[/]-Initializing Spring embedded WebApplicationContext
2026-06-23 19:36:26.731 [main] INFO  o.s.b.w.s.c.ServletWebServerApplicationContext-Root WebApplicationContext: initialization completed in 1163 ms
2026-06-23 19:36:28.648 [main] INFO  o.s.b.actuate.endpoint.web.EndpointLinksResolver-Exposing 1 endpoint(s) beneath base path '/actuator'
2026-06-23 19:36:28.697 [main] INFO  org.apache.coyote.http11.Http11NioProtocol-Starting ProtocolHandler ["http-nio-8081"]
2026-06-23 19:36:28.715 [main] INFO  o.s.boot.web.embedded.tomcat.TomcatWebServer-Tomcat started on port(s): 8081 (http) with context path ''
2026-06-23 19:36:28.726 [main] INFO  com.atguigu.lease.web.app.AppWebApplication-Started AppWebApplication in 3.463 seconds (process running for 4.039)
2026-06-23 19:36:28.872 [RMI TCP Connection(2)-192.168.124.50] INFO  o.a.c.core.ContainerBase.[Tomcat].[localhost].[/]-Initializing Spring DispatcherServlet 'dispatcherServlet'
2026-06-23 19:36:28.874 [RMI TCP Connection(2)-192.168.124.50] INFO  org.springframework.web.servlet.DispatcherServlet-Initializing Servlet 'dispatcherServlet'
2026-06-23 19:36:28.875 [RMI TCP Connection(2)-192.168.124.50] INFO  org.springframework.web.servlet.DispatcherServlet-Completed initialization in 1 ms
2026-06-23 19:36:28.891 [RMI TCP Connection(3)-192.168.124.50] INFO  com.zaxxer.hikari.HikariDataSource-SPHHikariPool - Starting...
2026-06-23 19:36:29.008 [RMI TCP Connection(3)-192.168.124.50] INFO  com.zaxxer.hikari.pool.HikariPool-SPHHikariPool - Added connection com.mysql.cj.jdbc.ConnectionImpl@62aac0e0
2026-06-23 19:36:29.015 [RMI TCP Connection(3)-192.168.124.50] INFO  com.zaxxer.hikari.HikariDataSource-SPHHikariPool - Start completed.
2026-06-23 19:42:39.461 [SpringApplicationShutdownHook] INFO  com.zaxxer.hikari.HikariDataSource-SPHHikariPool - Shutdown initiated...
2026-06-23 19:42:39.466 [SpringApplicationShutdownHook] INFO  com.zaxxer.hikari.HikariDataSource-SPHHikariPool - Shutdown completed.
2026-06-23 19:42:42.981 [main] INFO  com.atguigu.lease.web.app.AppWebApplication-Starting AppWebApplication using Java 17.0.17 with PID 5924 (D:\java-project\xaingmu\lease\web\web-app\target\classes started by lenovo in D:\java-project\xaingmu\lease)
2026-06-23 19:42:42.982 [main] INFO  com.atguigu.lease.web.app.AppWebApplication-No active profile set, falling back to 1 default profile: "default"
2026-06-23 19:42:43.786 [main] INFO  o.s.d.r.config.RepositoryConfigurationDelegate-Multiple Spring Data modules found, entering strict repository configuration mode
2026-06-23 19:42:43.788 [main] INFO  o.s.d.r.config.RepositoryConfigurationDelegate-Bootstrapping Spring Data Redis repositories in DEFAULT mode.
2026-06-23 19:42:43.819 [main] INFO  o.s.d.r.config.RepositoryConfigurationDelegate-Finished Spring Data repository scanning in 21 ms. Found 0 Redis repository interfaces.
2026-06-23 19:42:43.891 [main] WARN  org.mybatis.spring.mapper.ClassPathMapperScanner-Skipping MapperFactoryBean with name 'apartmentFacilityMapper' and 'com.atguigu.lease.web.app.mapper.ApartmentFacilityMapper' mapperInterface. Bean already defined with the same name!
2026-06-23 19:42:43.891 [main] WARN  org.mybatis.spring.mapper.ClassPathMapperScanner-Skipping MapperFactoryBean with name 'apartmentFeeValueMapper' and 'com.atguigu.lease.web.app.mapper.ApartmentFeeValueMapper' mapperInterface. Bean already defined with the same name!
2026-06-23 19:42:43.891 [main] WARN  org.mybatis.spring.mapper.ClassPathMapperScanner-Skipping MapperFactoryBean with name 'apartmentInfoMapper' and 'com.atguigu.lease.web.app.mapper.ApartmentInfoMapper' mapperInterface. Bean already defined with the same name!
2026-06-23 19:42:43.891 [main] WARN  org.mybatis.spring.mapper.ClassPathMapperScanner-Skipping MapperFactoryBean with name 'apartmentLabelMapper' and 'com.atguigu.lease.web.app.mapper.ApartmentLabelMapper' mapperInterface. Bean already defined with the same name!
2026-06-23 19:42:43.891 [main] WARN  org.mybatis.spring.mapper.ClassPathMapperScanner-Skipping MapperFactoryBean with name 'attrKeyMapper' and 'com.atguigu.lease.web.app.mapper.AttrKeyMapper' mapperInterface. Bean already defined with the same name!
2026-06-23 19:42:43.891 [main] WARN  org.mybatis.spring.mapper.ClassPathMapperScanner-Skipping MapperFactoryBean with name 'attrValueMapper' and 'com.atguigu.lease.web.app.mapper.AttrValueMapper' mapperInterface. Bean already defined with the same name!
2026-06-23 19:42:43.891 [main] WARN  org.mybatis.spring.mapper.ClassPathMapperScanner-Skipping MapperFactoryBean with name 'browsingHistoryMapper' and 'com.atguigu.lease.web.app.mapper.BrowsingHistoryMapper' mapperInterface. Bean already defined with the same name!
2026-06-23 19:42:43.891 [main] WARN  org.mybatis.spring.mapper.ClassPathMapperScanner-Skipping MapperFactoryBean with name 'cityInfoMapper' and 'com.atguigu.lease.web.app.mapper.CityInfoMapper' mapperInterface. Bean already defined with the same name!
2026-06-23 19:42:43.891 [main] WARN  org.mybatis.spring.mapper.ClassPathMapperScanner-Skipping MapperFactoryBean with name 'districtInfoMapper' and 'com.atguigu.lease.web.app.mapper.DistrictInfoMapper' mapperInterface. Bean already defined with the same name!
2026-06-23 19:42:43.891 [main] WARN  org.mybatis.spring.mapper.ClassPathMapperScanner-Skipping MapperFactoryBean with name 'facilityInfoMapper' and 'com.atguigu.lease.web.app.mapper.FacilityInfoMapper' mapperInterface. Bean already defined with the same name!
2026-06-23 19:42:43.891 [main] WARN  org.mybatis.spring.mapper.ClassPathMapperScanner-Skipping MapperFactoryBean with name 'feeKeyMapper' and 'com.atguigu.lease.web.app.mapper.FeeKeyMapper' mapperInterface. Bean already defined with the same name!
2026-06-23 19:42:43.891 [main] WARN  org.mybatis.spring.mapper.ClassPathMapperScanner-Skipping MapperFactoryBean with name 'feeValueMapper' and 'com.atguigu.lease.web.app.mapper.FeeValueMapper' mapperInterface. Bean already defined with the same name!
2026-06-23 19:42:43.891 [main] WARN  org.mybatis.spring.mapper.ClassPathMapperScanner-Skipping MapperFactoryBean with name 'graphInfoMapper' and 'com.atguigu.lease.web.app.mapper.GraphInfoMapper' mapperInterface. Bean already defined with the same name!
2026-06-23 19:42:43.891 [main] WARN  org.mybatis.spring.mapper.ClassPathMapperScanner-Skipping MapperFactoryBean with name 'labelInfoMapper' and 'com.atguigu.lease.web.app.mapper.LabelInfoMapper' mapperInterface. Bean already defined with the same name!
2026-06-23 19:42:43.891 [main] WARN  org.mybatis.spring.mapper.ClassPathMapperScanner-Skipping MapperFactoryBean with name 'leaseAgreementMapper' and 'com.atguigu.lease.web.app.mapper.LeaseAgreementMapper' mapperInterface. Bean already defined with the same name!
2026-06-23 19:42:43.891 [main] WARN  org.mybatis.spring.mapper.ClassPathMapperScanner-Skipping MapperFactoryBean with name 'leaseTermMapper' and 'com.atguigu.lease.web.app.mapper.LeaseTermMapper' mapperInterface. Bean already defined with the same name!
2026-06-23 19:42:43.891 [main] WARN  org.mybatis.spring.mapper.ClassPathMapperScanner-Skipping MapperFactoryBean with name 'paymentTypeMapper' and 'com.atguigu.lease.web.app.mapper.PaymentTypeMapper' mapperInterface. Bean already defined with the same name!
2026-06-23 19:42:43.891 [main] WARN  org.mybatis.spring.mapper.ClassPathMapperScanner-Skipping MapperFactoryBean with name 'provinceInfoMapper' and 'com.atguigu.lease.web.app.mapper.ProvinceInfoMapper' mapperInterface. Bean already defined with the same name!
2026-06-23 19:42:43.891 [main] WARN  org.mybatis.spring.mapper.ClassPathMapperScanner-Skipping MapperFactoryBean with name 'roomAttrValueMapper' and 'com.atguigu.lease.web.app.mapper.RoomAttrValueMapper' mapperInterface. Bean already defined with the same name!
2026-06-23 19:42:43.891 [main] WARN  org.mybatis.spring.mapper.ClassPathMapperScanner-Skipping MapperFactoryBean with name 'roomFacilityMapper' and 'com.atguigu.lease.web.app.mapper.RoomFacilityMapper' mapperInterface. Bean already defined with the same name!
2026-06-23 19:42:43.891 [main] WARN  org.mybatis.spring.mapper.ClassPathMapperScanner-Skipping MapperFactoryBean with name 'roomInfoMapper' and 'com.atguigu.lease.web.app.mapper.RoomInfoMapper' mapperInterface. Bean already defined with the same name!
2026-06-23 19:42:43.891 [main] WARN  org.mybatis.spring.mapper.ClassPathMapperScanner-Skipping MapperFactoryBean with name 'roomLabelMapper' and 'com.atguigu.lease.web.app.mapper.RoomLabelMapper' mapperInterface. Bean already defined with the same name!
2026-06-23 19:42:43.891 [main] WARN  org.mybatis.spring.mapper.ClassPathMapperScanner-Skipping MapperFactoryBean with name 'roomLeaseTermMapper' and 'com.atguigu.lease.web.app.mapper.RoomLeaseTermMapper' mapperInterface. Bean already defined with the same name!
2026-06-23 19:42:43.891 [main] WARN  org.mybatis.spring.mapper.ClassPathMapperScanner-Skipping MapperFactoryBean with name 'roomPaymentTypeMapper' and 'com.atguigu.lease.web.app.mapper.RoomPaymentTypeMapper' mapperInterface. Bean already defined with the same name!
2026-06-23 19:42:43.891 [main] WARN  org.mybatis.spring.mapper.ClassPathMapperScanner-Skipping MapperFactoryBean with name 'userInfoMapper' and 'com.atguigu.lease.web.app.mapper.UserInfoMapper' mapperInterface. Bean already defined with the same name!
2026-06-23 19:42:43.891 [main] WARN  org.mybatis.spring.mapper.ClassPathMapperScanner-Skipping MapperFactoryBean with name 'viewAppointmentMapper' and 'com.atguigu.lease.web.app.mapper.ViewAppointmentMapper' mapperInterface. Bean already defined with the same name!
2026-06-23 19:42:43.892 [main] WARN  org.mybatis.spring.mapper.ClassPathMapperScanner-No MyBatis mapper was found in '[com.atguigu.lease.web.app.mapper]' package. Please check your configuration.
2026-06-23 19:42:44.288 [main] INFO  o.s.boot.web.embedded.tomcat.TomcatWebServer-Tomcat initialized with port(s): 8081 (http)
2026-06-23 19:42:44.294 [main] INFO  org.apache.coyote.http11.Http11NioProtocol-Initializing ProtocolHandler ["http-nio-8081"]
2026-06-23 19:42:44.294 [main] INFO  org.apache.catalina.core.StandardService-Starting service [Tomcat]
2026-06-23 19:42:44.294 [main] INFO  org.apache.catalina.core.StandardEngine-Starting Servlet engine: [Apache Tomcat/10.1.7]
2026-06-23 19:42:44.365 [main] INFO  o.a.c.core.ContainerBase.[Tomcat].[localhost].[/]-Initializing Spring embedded WebApplicationContext
2026-06-23 19:42:44.366 [main] INFO  o.s.b.w.s.c.ServletWebServerApplicationContext-Root WebApplicationContext: initialization completed in 1344 ms
2026-06-23 19:42:46.832 [main] INFO  o.s.b.actuate.endpoint.web.EndpointLinksResolver-Exposing 1 endpoint(s) beneath base path '/actuator'
2026-06-23 19:42:46.897 [main] INFO  org.apache.coyote.http11.Http11NioProtocol-Starting ProtocolHandler ["http-nio-8081"]
2026-06-23 19:42:46.916 [main] INFO  o.s.boot.web.embedded.tomcat.TomcatWebServer-Tomcat started on port(s): 8081 (http) with context path ''
2026-06-23 19:42:46.929 [main] INFO  com.atguigu.lease.web.app.AppWebApplication-Started AppWebApplication in 4.22 seconds (process running for 4.819)
2026-06-23 19:42:47.403 [RMI TCP Connection(3)-192.168.124.50] INFO  o.a.c.core.ContainerBase.[Tomcat].[localhost].[/]-Initializing Spring DispatcherServlet 'dispatcherServlet'
2026-06-23 19:42:47.403 [RMI TCP Connection(3)-192.168.124.50] INFO  org.springframework.web.servlet.DispatcherServlet-Initializing Servlet 'dispatcherServlet'
2026-06-23 19:42:47.408 [RMI TCP Connection(3)-192.168.124.50] INFO  org.springframework.web.servlet.DispatcherServlet-Completed initialization in 5 ms
2026-06-23 19:42:47.423 [RMI TCP Connection(4)-192.168.124.50] INFO  com.zaxxer.hikari.HikariDataSource-SPHHikariPool - Starting...
2026-06-23 19:42:47.541 [RMI TCP Connection(4)-192.168.124.50] INFO  com.zaxxer.hikari.pool.HikariPool-SPHHikariPool - Added connection com.mysql.cj.jdbc.ConnectionImpl@10ddfdec
2026-06-23 19:42:47.549 [RMI TCP Connection(4)-192.168.124.50] INFO  com.zaxxer.hikari.HikariDataSource-SPHHikariPool - Start completed.
2026-06-23 19:45:55.942 [lettuce-eventExecutorLoop-1-2] INFO  io.lettuce.core.protocol.ConnectionWatchdog-Reconnecting, last destination was /192.168.100.101:6379
2026-06-23 19:45:57.989 [lettuce-nioEventLoop-4-2] WARN  io.lettuce.core.protocol.ConnectionWatchdog-Cannot reconnect to [192.168.100.101/<unresolved>:6379]: Connection refused: getsockopt: /192.168.100.101:6379
2026-06-23 19:46:01.243 [lettuce-eventExecutorLoop-1-6] INFO  io.lettuce.core.protocol.ConnectionWatchdog-Reconnecting, last destination was 192.168.100.101/<unresolved>:6379
2026-06-23 19:46:04.371 [lettuce-nioEventLoop-4-4] WARN  io.lettuce.core.protocol.ConnectionWatchdog-Cannot reconnect to [192.168.100.101/<unresolved>:6379]: java.nio.channels.ClosedChannelException
java.nio.channels.ClosedChannelException: null
	at io.netty.channel.nio.AbstractNioChannel.doClose(AbstractNioChannel.java:502)
	at io.netty.channel.socket.nio.NioSocketChannel.doClose(NioSocketChannel.java:349)
	at io.netty.channel.AbstractChannel$AbstractUnsafe.doClose0(AbstractChannel.java:754)
	at io.netty.channel.AbstractChannel$AbstractUnsafe.close(AbstractChannel.java:731)
	at io.netty.channel.AbstractChannel$AbstractUnsafe.close(AbstractChannel.java:620)
	at io.netty.channel.DefaultChannelPipeline$HeadContext.close(DefaultChannelPipeline.java:1352)
	at io.netty.channel.AbstractChannelHandlerContext.invokeClose(AbstractChannelHandlerContext.java:749)
	at io.netty.channel.AbstractChannelHandlerContext.access$1200(AbstractChannelHandlerContext.java:61)
	at io.netty.channel.AbstractChannelHandlerContext$11.run(AbstractChannelHandlerContext.java:732)
	at io.netty.util.concurrent.AbstractEventExecutor.runTask(AbstractEventExecutor.java:174)
	at io.netty.util.concurrent.AbstractEventExecutor.safeExecute(AbstractEventExecutor.java:167)
	at io.netty.util.concurrent.SingleThreadEventExecutor.runAllTasks(SingleThreadEventExecutor.java:470)
	at io.netty.channel.nio.NioEventLoop.run(NioEventLoop.java:569)
	at io.netty.util.concurrent.SingleThreadEventExecutor$4.run(SingleThreadEventExecutor.java:997)
	at io.netty.util.internal.ThreadExecutorMap$2.run(ThreadExecutorMap.java:74)
	at io.netty.util.concurrent.FastThreadLocalRunnable.run(FastThreadLocalRunnable.java:30)
	at java.base/java.lang.Thread.run(Thread.java:840)
2026-06-23 19:46:07.643 [lettuce-eventExecutorLoop-1-10] INFO  io.lettuce.core.protocol.ConnectionWatchdog-Reconnecting, last destination was 192.168.100.101/<unresolved>:6379
2026-06-23 19:46:10.738 [lettuce-nioEventLoop-4-6] WARN  io.lettuce.core.protocol.ConnectionWatchdog-Cannot reconnect to [192.168.100.101/<unresolved>:6379]: java.nio.channels.ClosedChannelException
java.nio.channels.ClosedChannelException: null
	at io.netty.channel.nio.AbstractNioChannel.doClose(AbstractNioChannel.java:502)
	at io.netty.channel.socket.nio.NioSocketChannel.doClose(NioSocketChannel.java:349)
	at io.netty.channel.AbstractChannel$AbstractUnsafe.doClose0(AbstractChannel.java:754)
	at io.netty.channel.AbstractChannel$AbstractUnsafe.close(AbstractChannel.java:731)
	at io.netty.channel.AbstractChannel$AbstractUnsafe.close(AbstractChannel.java:620)
	at io.netty.channel.DefaultChannelPipeline$HeadContext.close(DefaultChannelPipeline.java:1352)
	at io.netty.channel.AbstractChannelHandlerContext.invokeClose(AbstractChannelHandlerContext.java:749)
	at io.netty.channel.AbstractChannelHandlerContext.access$1200(AbstractChannelHandlerContext.java:61)
	at io.netty.channel.AbstractChannelHandlerContext$11.run(AbstractChannelHandlerContext.java:732)
	at io.netty.util.concurrent.AbstractEventExecutor.runTask(AbstractEventExecutor.java:174)
	at io.netty.util.concurrent.AbstractEventExecutor.safeExecute(AbstractEventExecutor.java:167)
	at io.netty.util.concurrent.SingleThreadEventExecutor.runAllTasks(SingleThreadEventExecutor.java:470)
	at io.netty.channel.nio.NioEventLoop.run(NioEventLoop.java:569)
	at io.netty.util.concurrent.SingleThreadEventExecutor$4.run(SingleThreadEventExecutor.java:997)
	at io.netty.util.internal.ThreadExecutorMap$2.run(ThreadExecutorMap.java:74)
	at io.netty.util.concurrent.FastThreadLocalRunnable.run(FastThreadLocalRunnable.java:30)
	at java.base/java.lang.Thread.run(Thread.java:840)
2026-06-23 19:46:14.049 [lettuce-eventExecutorLoop-1-14] INFO  io.lettuce.core.protocol.ConnectionWatchdog-Reconnecting, last destination was 192.168.100.101/<unresolved>:6379
2026-06-23 19:46:17.146 [lettuce-nioEventLoop-4-8] WARN  io.lettuce.core.protocol.ConnectionWatchdog-Cannot reconnect to [192.168.100.101/<unresolved>:6379]: java.nio.channels.ClosedChannelException
java.nio.channels.ClosedChannelException: null
	at io.netty.channel.nio.AbstractNioChannel.doClose(AbstractNioChannel.java:502)
	at io.netty.channel.socket.nio.NioSocketChannel.doClose(NioSocketChannel.java:349)
	at io.netty.channel.AbstractChannel$AbstractUnsafe.doClose0(AbstractChannel.java:754)
	at io.netty.channel.AbstractChannel$AbstractUnsafe.close(AbstractChannel.java:731)
	at io.netty.channel.AbstractChannel$AbstractUnsafe.close(AbstractChannel.java:620)
	at io.netty.channel.DefaultChannelPipeline$HeadContext.close(DefaultChannelPipeline.java:1352)
	at io.netty.channel.AbstractChannelHandlerContext.invokeClose(AbstractChannelHandlerContext.java:749)
	at io.netty.channel.AbstractChannelHandlerContext.access$1200(AbstractChannelHandlerContext.java:61)
	at io.netty.channel.AbstractChannelHandlerContext$11.run(AbstractChannelHandlerContext.java:732)
	at io.netty.util.concurrent.AbstractEventExecutor.runTask(AbstractEventExecutor.java:174)
	at io.netty.util.concurrent.AbstractEventExecutor.safeExecute(AbstractEventExecutor.java:167)
	at io.netty.util.concurrent.SingleThreadEventExecutor.runAllTasks(SingleThreadEventExecutor.java:470)
	at io.netty.channel.nio.NioEventLoop.run(NioEventLoop.java:569)
	at io.netty.util.concurrent.SingleThreadEventExecutor$4.run(SingleThreadEventExecutor.java:997)
	at io.netty.util.internal.ThreadExecutorMap$2.run(ThreadExecutorMap.java:74)
	at io.netty.util.concurrent.FastThreadLocalRunnable.run(FastThreadLocalRunnable.java:30)
	at java.base/java.lang.Thread.run(Thread.java:840)
2026-06-23 19:46:20.744 [lettuce-eventExecutorLoop-1-2] INFO  io.lettuce.core.protocol.ConnectionWatchdog-Reconnecting, last destination was 192.168.100.101/<unresolved>:6379
2026-06-23 19:46:20.752 [lettuce-nioEventLoop-4-10] INFO  io.lettuce.core.protocol.ReconnectionHandler-Reconnected to 192.168.100.101/<unresolved>:6379
2026-06-23 19:53:02.470 [http-nio-8081-exec-1] INFO  c.a.lease.web.app.service.impl.LoginServiceImpl-发送验证码：8959
2026-06-23 19:53:16.633 [http-nio-8081-exec-3] WARN  c.b.m.core.toolkit.support.ReflectLambdaMeta-Unable to make field private final java.lang.Class java.lang.invoke.SerializedLambda.capturingClass accessible: module java.base does not "opens java.lang.invoke" to unnamed module @74235045
2026-06-23 19:53:22.534 [http-nio-8081-exec-6] INFO  c.a.lease.web.app.service.impl.RoomInfoServiceImpl-redis缓存查询:
2026-06-23 19:53:22.537 [http-nio-8081-exec-6] INFO  c.a.lease.web.app.service.impl.RoomInfoServiceImpl-redis缓存未查询到:2
2026-06-23 19:53:22.537 [http-nio-8081-exec-6] INFO  c.a.lease.web.app.service.impl.RoomInfoServiceImpl-getDtailById:2
2026-06-23 19:53:22.567 [http-nio-8081-exec-6] INFO  c.a.lease.web.app.service.impl.RoomInfoServiceImpl-保存redis缓存:RoomDetailVo(apartmentItemVo=ApartmentItemVo(labelInfoList=[LabelInfo(type=APARTMENT, name=近地铁), LabelInfo(type=APARTMENT, name=近公交), LabelInfo(type=APARTMENT, name=有电梯), LabelInfo(type=APARTMENT, name=停车场)], graphVoList=[GraphInfo(name=公寓-外观.jpg, itemType=null, itemId=null, url=http://192.168.100.101:9000/lease/20260623/3af10c8a-7326-477a-9cf7-cec3e47e7fbc-公寓-外观.jpg)], minRent=2000.00), graphVoList=[GraphInfo(name=房间-厨房-2.jpg, itemType=null, itemId=null, url=http://192.168.100.101:9000/lease/20260622/e6797f19-2bd1-43c4-bd94-8dc92b0dc922-房间-厨房-2.jpg), GraphInfo(name=公寓-外观.jpg, itemType=null, itemId=null, url=http://192.168.100.101:9000/lease/20260623/316ae3d6-1cfd-4df4-9760-2b9596d585a7-公寓-外观.jpg), GraphInfo(name=公寓-停车位.jpg, itemType=null, itemId=null, url=http://192.168.100.101:9000/lease/20260623/8eee3520-c372-4839-a8ad-ead86cd50438-公寓-停车位.jpg)], attrValueVoList=[AttrValueVo(attrKeyName=户型), AttrValueVo(attrKeyName=面积), AttrValueVo(attrKeyName=朝向), AttrValueVo(attrKeyName=采光)], facilityInfoList=[FacilityInfo(type=ROOM, name=空调, icon=空调), FacilityInfo(type=ROOM, name=洗衣机, icon=洗衣机), FacilityInfo(type=ROOM, name=冰箱, icon=冰箱), FacilityInfo(type=ROOM, name=书桌, icon=书桌), FacilityInfo(type=ROOM, name=WIFI, icon=宽带), FacilityInfo(type=ROOM, name=床, icon=床), FacilityInfo(type=ROOM, name=沙发, icon=沙发), FacilityInfo(type=ROOM, name=热水器, icon=热水器), FacilityInfo(type=ROOM, name=微波炉, icon=微波炉), FacilityInfo(type=ROOM, name=油烟机, icon=抽油烟机), FacilityInfo(type=ROOM, name=衣柜, icon=衣柜), FacilityInfo(type=ROOM, name=电视机, icon=电视机)], labelInfoList=[LabelInfo(type=ROOM, name=独卫), LabelInfo(type=ROOM, name=阳台)], paymentTypeList=[PaymentType(name=月付, payMonthCount=1, additionalInfo=押一付一), PaymentType(name=季付, payMonthCount=3, additionalInfo=押一付三), PaymentType(name=半年付, payMonthCount=6, additionalInfo=押一付六), PaymentType(name=年付, payMonthCount=12, additionalInfo=压一付十二)], feeValueVoList=[], leaseTermList=[LeaseTerm(monthCount=1, unit=月), LeaseTerm(monthCount=3, unit=月), LeaseTerm(monthCount=6, unit=月), LeaseTerm(monthCount=12, unit=月)])
2026-06-23 19:53:22.581 [http-nio-8081-exec-6] INFO  c.a.lease.web.app.service.impl.RoomInfoServiceImpl-保存用户浏览历史
2026-06-23 19:54:12.981 [http-nio-8081-exec-4] INFO  c.a.lease.web.app.service.impl.RoomInfoServiceImpl-redis缓存查询:
2026-06-23 19:54:12.983 [http-nio-8081-exec-4] INFO  c.a.lease.web.app.service.impl.RoomInfoServiceImpl-redis缓存未查询到:3
2026-06-23 19:54:12.983 [http-nio-8081-exec-4] INFO  c.a.lease.web.app.service.impl.RoomInfoServiceImpl-getDtailById:3
2026-06-23 19:54:13.009 [http-nio-8081-exec-4] INFO  c.a.lease.web.app.service.impl.RoomInfoServiceImpl-保存redis缓存:RoomDetailVo(apartmentItemVo=ApartmentItemVo(labelInfoList=[LabelInfo(type=APARTMENT, name=近地铁), LabelInfo(type=APARTMENT, name=近公交), LabelInfo(type=APARTMENT, name=停车场)], graphVoList=[GraphInfo(name=公寓-外观.jpg, itemType=null, itemId=null, url=blob:http://localhost:5173/65d1572e-87fb-4fbc-ab6c-da876d946cfb), GraphInfo(name=房间-厨房-1.jpg, itemType=null, itemId=null, url=blob:http://localhost:5173/7c10db78-3499-4afc-98ea-ca7a514aefea)], minRent=3000.00), graphVoList=[GraphInfo(name=房间-厨房-2.jpg, itemType=null, itemId=null, url=http://113.141.166.99:9000/lease/20230819/bfaedac4-1c4b-4144-88e4-d72bd77f62f1-房间-厨房-2.jpg), GraphInfo(name=房间-卧室-1.jpg, itemType=null, itemId=null, url=http://113.141.166.99:9000/lease/20230819/cd72ceef-a78e-492f-808e-a8928b62e55d-房间-卧室-1.jpg), GraphInfo(name=房间-卧室-2.jpg, itemType=null, itemId=null, url=http://113.141.166.99:9000/lease/20230819/5c8c2655-fb8f-4c9d-ada1-834a4870e7a9-房间-卧室-2.jpg)], attrValueVoList=[AttrValueVo(attrKeyName=户型), AttrValueVo(attrKeyName=面积), AttrValueVo(attrKeyName=朝向), AttrValueVo(attrKeyName=采光), AttrValueVo(attrKeyName=卫所)], facilityInfoList=[FacilityInfo(type=ROOM, name=空调, icon=空调), FacilityInfo(type=ROOM, name=洗衣机, icon=洗衣机), FacilityInfo(type=ROOM, name=冰箱, icon=冰箱), FacilityInfo(type=ROOM, name=书桌, icon=书桌), FacilityInfo(type=ROOM, name=WIFI, icon=宽带), FacilityInfo(type=ROOM, name=床, icon=床), FacilityInfo(type=ROOM, name=沙发, icon=沙发), FacilityInfo(type=ROOM, name=油烟机, icon=抽油烟机), FacilityInfo(type=ROOM, name=微波炉, icon=微波炉), FacilityInfo(type=ROOM, name=热水器, icon=热水器), FacilityInfo(type=ROOM, name=衣柜, icon=衣柜), FacilityInfo(type=ROOM, name=电视机, icon=电视机)], labelInfoList=[LabelInfo(type=ROOM, name=朝南), LabelInfo(type=ROOM, name=独卫), LabelInfo(type=ROOM, name=阳台)], paymentTypeList=[PaymentType(name=半年付, payMonthCount=6, additionalInfo=押一付六), PaymentType(name=年付, payMonthCount=12, additionalInfo=压一付十二)], feeValueVoList=[], leaseTermList=[LeaseTerm(monthCount=1, unit=月), LeaseTerm(monthCount=3, unit=月), LeaseTerm(monthCount=6, unit=月), LeaseTerm(monthCount=12, unit=月)])
2026-06-23 19:54:13.011 [http-nio-8081-exec-4] INFO  c.a.lease.web.app.service.impl.RoomInfoServiceImpl-保存用户浏览历史
2026-06-23 19:54:14.382 [http-nio-8081-exec-9] INFO  c.a.l.w.app.service.impl.ApartmentInfoServiceImpl-redis缓存未查询到:10
2026-06-23 19:54:29.426 [http-nio-8081-exec-5] INFO  c.a.l.w.a.c.appointment.ViewAppointmentController-预约信息更新，清除缓存:13
2026-06-23 19:54:35.883 [http-nio-8081-exec-8] INFO  c.a.lease.web.app.service.impl.RoomInfoServiceImpl-redis缓存查询:
2026-06-23 19:54:35.887 [http-nio-8081-exec-8] INFO  c.a.lease.web.app.service.impl.RoomInfoServiceImpl-保存用户浏览历史
2026-06-23 19:55:53.880 [http-nio-8081-exec-10] INFO  c.a.lease.web.app.service.impl.LoginServiceImpl-发送验证码：8959
2026-06-23 20:09:38.276 [SpringApplicationShutdownHook] INFO  com.zaxxer.hikari.HikariDataSource-SPHHikariPool - Shutdown initiated...
2026-06-23 20:09:38.281 [SpringApplicationShutdownHook] INFO  com.zaxxer.hikari.HikariDataSource-SPHHikariPool - Shutdown completed.
2026-06-23 21:06:41.647 [main] INFO  com.atguigu.lease.web.app.AppWebApplication-Starting AppWebApplication using Java 17.0.17 with PID 5264 (D:\java-project\xaingmu\lease\web\web-app\target\classes started by lenovo in D:\java-project\xaingmu\lease)
2026-06-23 21:06:41.651 [main] INFO  com.atguigu.lease.web.app.AppWebApplication-No active profile set, falling back to 1 default profile: "default"
2026-06-23 21:06:42.904 [main] INFO  o.s.d.r.config.RepositoryConfigurationDelegate-Multiple Spring Data modules found, entering strict repository configuration mode
2026-06-23 21:06:42.906 [main] INFO  o.s.d.r.config.RepositoryConfigurationDelegate-Bootstrapping Spring Data Redis repositories in DEFAULT mode.
2026-06-23 21:06:42.948 [main] INFO  o.s.d.r.config.RepositoryConfigurationDelegate-Finished Spring Data repository scanning in 30 ms. Found 0 Redis repository interfaces.
2026-06-23 21:06:43.035 [main] WARN  org.mybatis.spring.mapper.ClassPathMapperScanner-Skipping MapperFactoryBean with name 'apartmentFacilityMapper' and 'com.atguigu.lease.web.app.mapper.ApartmentFacilityMapper' mapperInterface. Bean already defined with the same name!
2026-06-23 21:06:43.035 [main] WARN  org.mybatis.spring.mapper.ClassPathMapperScanner-Skipping MapperFactoryBean with name 'apartmentFeeValueMapper' and 'com.atguigu.lease.web.app.mapper.ApartmentFeeValueMapper' mapperInterface. Bean already defined with the same name!
2026-06-23 21:06:43.035 [main] WARN  org.mybatis.spring.mapper.ClassPathMapperScanner-Skipping MapperFactoryBean with name 'apartmentInfoMapper' and 'com.atguigu.lease.web.app.mapper.ApartmentInfoMapper' mapperInterface. Bean already defined with the same name!
2026-06-23 21:06:43.035 [main] WARN  org.mybatis.spring.mapper.ClassPathMapperScanner-Skipping MapperFactoryBean with name 'apartmentLabelMapper' and 'com.atguigu.lease.web.app.mapper.ApartmentLabelMapper' mapperInterface. Bean already defined with the same name!
2026-06-23 21:06:43.035 [main] WARN  org.mybatis.spring.mapper.ClassPathMapperScanner-Skipping MapperFactoryBean with name 'attrKeyMapper' and 'com.atguigu.lease.web.app.mapper.AttrKeyMapper' mapperInterface. Bean already defined with the same name!
2026-06-23 21:06:43.035 [main] WARN  org.mybatis.spring.mapper.ClassPathMapperScanner-Skipping MapperFactoryBean with name 'attrValueMapper' and 'com.atguigu.lease.web.app.mapper.AttrValueMapper' mapperInterface. Bean already defined with the same name!
2026-06-23 21:06:43.035 [main] WARN  org.mybatis.spring.mapper.ClassPathMapperScanner-Skipping MapperFactoryBean with name 'browsingHistoryMapper' and 'com.atguigu.lease.web.app.mapper.BrowsingHistoryMapper' mapperInterface. Bean already defined with the same name!
2026-06-23 21:06:43.035 [main] WARN  org.mybatis.spring.mapper.ClassPathMapperScanner-Skipping MapperFactoryBean with name 'cityInfoMapper' and 'com.atguigu.lease.web.app.mapper.CityInfoMapper' mapperInterface. Bean already defined with the same name!
2026-06-23 21:06:43.035 [main] WARN  org.mybatis.spring.mapper.ClassPathMapperScanner-Skipping MapperFactoryBean with name 'districtInfoMapper' and 'com.atguigu.lease.web.app.mapper.DistrictInfoMapper' mapperInterface. Bean already defined with the same name!
2026-06-23 21:06:43.035 [main] WARN  org.mybatis.spring.mapper.ClassPathMapperScanner-Skipping MapperFactoryBean with name 'facilityInfoMapper' and 'com.atguigu.lease.web.app.mapper.FacilityInfoMapper' mapperInterface. Bean already defined with the same name!
2026-06-23 21:06:43.035 [main] WARN  org.mybatis.spring.mapper.ClassPathMapperScanner-Skipping MapperFactoryBean with name 'feeKeyMapper' and 'com.atguigu.lease.web.app.mapper.FeeKeyMapper' mapperInterface. Bean already defined with the same name!
2026-06-23 21:06:43.035 [main] WARN  org.mybatis.spring.mapper.ClassPathMapperScanner-Skipping MapperFactoryBean with name 'feeValueMapper' and 'com.atguigu.lease.web.app.mapper.FeeValueMapper' mapperInterface. Bean already defined with the same name!
2026-06-23 21:06:43.035 [main] WARN  org.mybatis.spring.mapper.ClassPathMapperScanner-Skipping MapperFactoryBean with name 'graphInfoMapper' and 'com.atguigu.lease.web.app.mapper.GraphInfoMapper' mapperInterface. Bean already defined with the same name!
2026-06-23 21:06:43.035 [main] WARN  org.mybatis.spring.mapper.ClassPathMapperScanner-Skipping MapperFactoryBean with name 'labelInfoMapper' and 'com.atguigu.lease.web.app.mapper.LabelInfoMapper' mapperInterface. Bean already defined with the same name!
2026-06-23 21:06:43.035 [main] WARN  org.mybatis.spring.mapper.ClassPathMapperScanner-Skipping MapperFactoryBean with name 'leaseAgreementMapper' and 'com.atguigu.lease.web.app.mapper.LeaseAgreementMapper' mapperInterface. Bean already defined with the same name!
2026-06-23 21:06:43.035 [main] WARN  org.mybatis.spring.mapper.ClassPathMapperScanner-Skipping MapperFactoryBean with name 'leaseTermMapper' and 'com.atguigu.lease.web.app.mapper.LeaseTermMapper' mapperInterface. Bean already defined with the same name!
2026-06-23 21:06:43.035 [main] WARN  org.mybatis.spring.mapper.ClassPathMapperScanner-Skipping MapperFactoryBean with name 'paymentTypeMapper' and 'com.atguigu.lease.web.app.mapper.PaymentTypeMapper' mapperInterface. Bean already defined with the same name!
2026-06-23 21:06:43.035 [main] WARN  org.mybatis.spring.mapper.ClassPathMapperScanner-Skipping MapperFactoryBean with name 'provinceInfoMapper' and 'com.atguigu.lease.web.app.mapper.ProvinceInfoMapper' mapperInterface. Bean already defined with the same name!
2026-06-23 21:06:43.035 [main] WARN  org.mybatis.spring.mapper.ClassPathMapperScanner-Skipping MapperFactoryBean with name 'roomAttrValueMapper' and 'com.atguigu.lease.web.app.mapper.RoomAttrValueMapper' mapperInterface. Bean already defined with the same name!
2026-06-23 21:06:43.035 [main] WARN  org.mybatis.spring.mapper.ClassPathMapperScanner-Skipping MapperFactoryBean with name 'roomFacilityMapper' and 'com.atguigu.lease.web.app.mapper.RoomFacilityMapper' mapperInterface. Bean already defined with the same name!
2026-06-23 21:06:43.035 [main] WARN  org.mybatis.spring.mapper.ClassPathMapperScanner-Skipping MapperFactoryBean with name 'roomInfoMapper' and 'com.atguigu.lease.web.app.mapper.RoomInfoMapper' mapperInterface. Bean already defined with the same name!
2026-06-23 21:06:43.036 [main] WARN  org.mybatis.spring.mapper.ClassPathMapperScanner-Skipping MapperFactoryBean with name 'roomLabelMapper' and 'com.atguigu.lease.web.app.mapper.RoomLabelMapper' mapperInterface. Bean already defined with the same name!
2026-06-23 21:06:43.036 [main] WARN  org.mybatis.spring.mapper.ClassPathMapperScanner-Skipping MapperFactoryBean with name 'roomLeaseTermMapper' and 'com.atguigu.lease.web.app.mapper.RoomLeaseTermMapper' mapperInterface. Bean already defined with the same name!
2026-06-23 21:06:43.036 [main] WARN  org.mybatis.spring.mapper.ClassPathMapperScanner-Skipping MapperFactoryBean with name 'roomPaymentTypeMapper' and 'com.atguigu.lease.web.app.mapper.RoomPaymentTypeMapper' mapperInterface. Bean already defined with the same name!
2026-06-23 21:06:43.036 [main] WARN  org.mybatis.spring.mapper.ClassPathMapperScanner-Skipping MapperFactoryBean with name 'userInfoMapper' and 'com.atguigu.lease.web.app.mapper.UserInfoMapper' mapperInterface. Bean already defined with the same name!
2026-06-23 21:06:43.036 [main] WARN  org.mybatis.spring.mapper.ClassPathMapperScanner-Skipping MapperFactoryBean with name 'viewAppointmentMapper' and 'com.atguigu.lease.web.app.mapper.ViewAppointmentMapper' mapperInterface. Bean already defined with the same name!
2026-06-23 21:06:43.036 [main] WARN  org.mybatis.spring.mapper.ClassPathMapperScanner-No MyBatis mapper was found in '[com.atguigu.lease.web.app.mapper]' package. Please check your configuration.
2026-06-23 21:06:43.550 [main] INFO  o.s.boot.web.embedded.tomcat.TomcatWebServer-Tomcat initialized with port(s): 8081 (http)
2026-06-23 21:06:43.560 [main] INFO  org.apache.coyote.http11.Http11NioProtocol-Initializing ProtocolHandler ["http-nio-8081"]
2026-06-23 21:06:43.561 [main] INFO  org.apache.catalina.core.StandardService-Starting service [Tomcat]
2026-06-23 21:06:43.561 [main] INFO  org.apache.catalina.core.StandardEngine-Starting Servlet engine: [Apache Tomcat/10.1.7]
2026-06-23 21:06:43.645 [main] INFO  o.a.c.core.ContainerBase.[Tomcat].[localhost].[/]-Initializing Spring embedded WebApplicationContext
2026-06-23 21:06:43.646 [main] INFO  o.s.b.w.s.c.ServletWebServerApplicationContext-Root WebApplicationContext: initialization completed in 1936 ms
2026-06-23 21:06:45.930 [main] INFO  o.s.b.actuate.endpoint.web.EndpointLinksResolver-Exposing 1 endpoint(s) beneath base path '/actuator'
2026-06-23 21:06:45.985 [main] INFO  org.apache.coyote.http11.Http11NioProtocol-Starting ProtocolHandler ["http-nio-8081"]
2026-06-23 21:06:46.005 [main] INFO  o.s.boot.web.embedded.tomcat.TomcatWebServer-Tomcat started on port(s): 8081 (http) with context path ''
2026-06-23 21:06:46.015 [main] INFO  com.atguigu.lease.web.app.AppWebApplication-Started AppWebApplication in 4.718 seconds (process running for 5.495)
2026-06-23 21:06:46.293 [RMI TCP Connection(3)-192.168.124.50] INFO  o.a.c.core.ContainerBase.[Tomcat].[localhost].[/]-Initializing Spring DispatcherServlet 'dispatcherServlet'
2026-06-23 21:06:46.293 [RMI TCP Connection(3)-192.168.124.50] INFO  org.springframework.web.servlet.DispatcherServlet-Initializing Servlet 'dispatcherServlet'
2026-06-23 21:06:46.295 [RMI TCP Connection(3)-192.168.124.50] INFO  org.springframework.web.servlet.DispatcherServlet-Completed initialization in 1 ms
2026-06-23 21:06:46.295 [RMI TCP Connection(1)-192.168.124.50] INFO  com.zaxxer.hikari.HikariDataSource-SPHHikariPool - Starting...
2026-06-23 21:06:46.465 [RMI TCP Connection(1)-192.168.124.50] INFO  com.zaxxer.hikari.pool.HikariPool-SPHHikariPool - Added connection com.mysql.cj.jdbc.ConnectionImpl@248842b8
2026-06-23 21:06:46.473 [RMI TCP Connection(1)-192.168.124.50] INFO  com.zaxxer.hikari.HikariDataSource-SPHHikariPool - Start completed.
2026-06-23 21:16:18.249 [http-nio-8081-exec-9] INFO  c.a.lease.web.app.service.impl.LoginServiceImpl-发送验证码：8959
2026-06-23 21:16:23.840 [http-nio-8081-exec-2] WARN  c.b.m.core.toolkit.support.ReflectLambdaMeta-Unable to make field private final java.lang.Class java.lang.invoke.SerializedLambda.capturingClass accessible: module java.base does not "opens java.lang.invoke" to unnamed module @443118b0
2026-06-23 21:44:29.636 [SpringApplicationShutdownHook] INFO  com.zaxxer.hikari.HikariDataSource-SPHHikariPool - Shutdown initiated...
2026-06-23 21:44:29.638 [SpringApplicationShutdownHook] INFO  com.zaxxer.hikari.HikariDataSource-SPHHikariPool - Shutdown completed.
2026-06-23 21:44:33.954 [main] INFO  com.atguigu.lease.web.app.AppWebApplication-Starting AppWebApplication using Java 17.0.17 with PID 4276 (D:\java-project\xaingmu\lease\web\web-app\target\classes started by lenovo in D:\java-project\xaingmu\lease)
2026-06-23 21:44:33.956 [main] INFO  com.atguigu.lease.web.app.AppWebApplication-No active profile set, falling back to 1 default profile: "default"
2026-06-23 21:44:34.655 [main] INFO  o.s.d.r.config.RepositoryConfigurationDelegate-Multiple Spring Data modules found, entering strict repository configuration mode
2026-06-23 21:44:34.656 [main] INFO  o.s.d.r.config.RepositoryConfigurationDelegate-Bootstrapping Spring Data Redis repositories in DEFAULT mode.
2026-06-23 21:44:34.688 [main] INFO  o.s.d.r.config.RepositoryConfigurationDelegate-Finished Spring Data repository scanning in 23 ms. Found 0 Redis repository interfaces.
2026-06-23 21:44:34.747 [main] WARN  org.mybatis.spring.mapper.ClassPathMapperScanner-Skipping MapperFactoryBean with name 'apartmentFacilityMapper' and 'com.atguigu.lease.web.app.mapper.ApartmentFacilityMapper' mapperInterface. Bean already defined with the same name!
2026-06-23 21:44:34.748 [main] WARN  org.mybatis.spring.mapper.ClassPathMapperScanner-Skipping MapperFactoryBean with name 'apartmentFeeValueMapper' and 'com.atguigu.lease.web.app.mapper.ApartmentFeeValueMapper' mapperInterface. Bean already defined with the same name!
2026-06-23 21:44:34.748 [main] WARN  org.mybatis.spring.mapper.ClassPathMapperScanner-Skipping MapperFactoryBean with name 'apartmentInfoMapper' and 'com.atguigu.lease.web.app.mapper.ApartmentInfoMapper' mapperInterface. Bean already defined with the same name!
2026-06-23 21:44:34.748 [main] WARN  org.mybatis.spring.mapper.ClassPathMapperScanner-Skipping MapperFactoryBean with name 'apartmentLabelMapper' and 'com.atguigu.lease.web.app.mapper.ApartmentLabelMapper' mapperInterface. Bean already defined with the same name!
2026-06-23 21:44:34.748 [main] WARN  org.mybatis.spring.mapper.ClassPathMapperScanner-Skipping MapperFactoryBean with name 'attrKeyMapper' and 'com.atguigu.lease.web.app.mapper.AttrKeyMapper' mapperInterface. Bean already defined with the same name!
2026-06-23 21:44:34.748 [main] WARN  org.mybatis.spring.mapper.ClassPathMapperScanner-Skipping MapperFactoryBean with name 'attrValueMapper' and 'com.atguigu.lease.web.app.mapper.AttrValueMapper' mapperInterface. Bean already defined with the same name!
2026-06-23 21:44:34.748 [main] WARN  org.mybatis.spring.mapper.ClassPathMapperScanner-Skipping MapperFactoryBean with name 'browsingHistoryMapper' and 'com.atguigu.lease.web.app.mapper.BrowsingHistoryMapper' mapperInterface. Bean already defined with the same name!
2026-06-23 21:44:34.748 [main] WARN  org.mybatis.spring.mapper.ClassPathMapperScanner-Skipping MapperFactoryBean with name 'cityInfoMapper' and 'com.atguigu.lease.web.app.mapper.CityInfoMapper' mapperInterface. Bean already defined with the same name!
2026-06-23 21:44:34.748 [main] WARN  org.mybatis.spring.mapper.ClassPathMapperScanner-Skipping MapperFactoryBean with name 'districtInfoMapper' and 'com.atguigu.lease.web.app.mapper.DistrictInfoMapper' mapperInterface. Bean already defined with the same name!
2026-06-23 21:44:34.748 [main] WARN  org.mybatis.spring.mapper.ClassPathMapperScanner-Skipping MapperFactoryBean with name 'facilityInfoMapper' and 'com.atguigu.lease.web.app.mapper.FacilityInfoMapper' mapperInterface. Bean already defined with the same name!
2026-06-23 21:44:34.748 [main] WARN  org.mybatis.spring.mapper.ClassPathMapperScanner-Skipping MapperFactoryBean with name 'feeKeyMapper' and 'com.atguigu.lease.web.app.mapper.FeeKeyMapper' mapperInterface. Bean already defined with the same name!
2026-06-23 21:44:34.748 [main] WARN  org.mybatis.spring.mapper.ClassPathMapperScanner-Skipping MapperFactoryBean with name 'feeValueMapper' and 'com.atguigu.lease.web.app.mapper.FeeValueMapper' mapperInterface. Bean already defined with the same name!
2026-06-23 21:44:34.748 [main] WARN  org.mybatis.spring.mapper.ClassPathMapperScanner-Skipping MapperFactoryBean with name 'graphInfoMapper' and 'com.atguigu.lease.web.app.mapper.GraphInfoMapper' mapperInterface. Bean already defined with the same name!
2026-06-23 21:44:34.748 [main] WARN  org.mybatis.spring.mapper.ClassPathMapperScanner-Skipping MapperFactoryBean with name 'labelInfoMapper' and 'com.atguigu.lease.web.app.mapper.LabelInfoMapper' mapperInterface. Bean already defined with the same name!
2026-06-23 21:44:34.748 [main] WARN  org.mybatis.spring.mapper.ClassPathMapperScanner-Skipping MapperFactoryBean with name 'leaseAgreementMapper' and 'com.atguigu.lease.web.app.mapper.LeaseAgreementMapper' mapperInterface. Bean already defined with the same name!
2026-06-23 21:44:34.748 [main] WARN  org.mybatis.spring.mapper.ClassPathMapperScanner-Skipping MapperFactoryBean with name 'leaseTermMapper' and 'com.atguigu.lease.web.app.mapper.LeaseTermMapper' mapperInterface. Bean already defined with the same name!
2026-06-23 21:44:34.748 [main] WARN  org.mybatis.spring.mapper.ClassPathMapperScanner-Skipping MapperFactoryBean with name 'paymentTypeMapper' and 'com.atguigu.lease.web.app.mapper.PaymentTypeMapper' mapperInterface. Bean already defined with the same name!
2026-06-23 21:44:34.748 [main] WARN  org.mybatis.spring.mapper.ClassPathMapperScanner-Skipping MapperFactoryBean with name 'provinceInfoMapper' and 'com.atguigu.lease.web.app.mapper.ProvinceInfoMapper' mapperInterface. Bean already defined with the same name!
2026-06-23 21:44:34.749 [main] WARN  org.mybatis.spring.mapper.ClassPathMapperScanner-Skipping MapperFactoryBean with name 'roomAttrValueMapper' and 'com.atguigu.lease.web.app.mapper.RoomAttrValueMapper' mapperInterface. Bean already defined with the same name!
2026-06-23 21:44:34.749 [main] WARN  org.mybatis.spring.mapper.ClassPathMapperScanner-Skipping MapperFactoryBean with name 'roomFacilityMapper' and 'com.atguigu.lease.web.app.mapper.RoomFacilityMapper' mapperInterface. Bean already defined with the same name!
2026-06-23 21:44:34.749 [main] WARN  org.mybatis.spring.mapper.ClassPathMapperScanner-Skipping MapperFactoryBean with name 'roomInfoMapper' and 'com.atguigu.lease.web.app.mapper.RoomInfoMapper' mapperInterface. Bean already defined with the same name!
2026-06-23 21:44:34.749 [main] WARN  org.mybatis.spring.mapper.ClassPathMapperScanner-Skipping MapperFactoryBean with name 'roomLabelMapper' and 'com.atguigu.lease.web.app.mapper.RoomLabelMapper' mapperInterface. Bean already defined with the same name!
2026-06-23 21:44:34.749 [main] WARN  org.mybatis.spring.mapper.ClassPathMapperScanner-Skipping MapperFactoryBean with name 'roomLeaseTermMapper' and 'com.atguigu.lease.web.app.mapper.RoomLeaseTermMapper' mapperInterface. Bean already defined with the same name!
2026-06-23 21:44:34.749 [main] WARN  org.mybatis.spring.mapper.ClassPathMapperScanner-Skipping MapperFactoryBean with name 'roomPaymentTypeMapper' and 'com.atguigu.lease.web.app.mapper.RoomPaymentTypeMapper' mapperInterface. Bean already defined with the same name!
2026-06-23 21:44:34.749 [main] WARN  org.mybatis.spring.mapper.ClassPathMapperScanner-Skipping MapperFactoryBean with name 'userInfoMapper' and 'com.atguigu.lease.web.app.mapper.UserInfoMapper' mapperInterface. Bean already defined with the same name!
2026-06-23 21:44:34.749 [main] WARN  org.mybatis.spring.mapper.ClassPathMapperScanner-Skipping MapperFactoryBean with name 'viewAppointmentMapper' and 'com.atguigu.lease.web.app.mapper.ViewAppointmentMapper' mapperInterface. Bean already defined with the same name!
2026-06-23 21:44:34.749 [main] WARN  org.mybatis.spring.mapper.ClassPathMapperScanner-No MyBatis mapper was found in '[com.atguigu.lease.web.app.mapper]' package. Please check your configuration.
2026-06-23 21:44:35.096 [main] INFO  o.s.boot.web.embedded.tomcat.TomcatWebServer-Tomcat initialized with port(s): 8081 (http)
2026-06-23 21:44:35.102 [main] INFO  org.apache.coyote.http11.Http11NioProtocol-Initializing ProtocolHandler ["http-nio-8081"]
2026-06-23 21:44:35.103 [main] INFO  org.apache.catalina.core.StandardService-Starting service [Tomcat]
2026-06-23 21:44:35.103 [main] INFO  org.apache.catalina.core.StandardEngine-Starting Servlet engine: [Apache Tomcat/10.1.7]
2026-06-23 21:44:35.170 [main] INFO  o.a.c.core.ContainerBase.[Tomcat].[localhost].[/]-Initializing Spring embedded WebApplicationContext
2026-06-23 21:44:35.171 [main] INFO  o.s.b.w.s.c.ServletWebServerApplicationContext-Root WebApplicationContext: initialization completed in 1179 ms
2026-06-23 21:44:37.038 [main] INFO  o.s.b.actuate.endpoint.web.EndpointLinksResolver-Exposing 1 endpoint(s) beneath base path '/actuator'
2026-06-23 21:44:37.081 [main] INFO  org.apache.coyote.http11.Http11NioProtocol-Starting ProtocolHandler ["http-nio-8081"]
2026-06-23 21:44:37.098 [main] INFO  o.s.boot.web.embedded.tomcat.TomcatWebServer-Tomcat started on port(s): 8081 (http) with context path ''
2026-06-23 21:44:37.108 [main] INFO  com.atguigu.lease.web.app.AppWebApplication-Started AppWebApplication in 3.405 seconds (process running for 3.927)
2026-06-23 21:44:37.374 [RMI TCP Connection(2)-192.168.124.50] INFO  o.a.c.core.ContainerBase.[Tomcat].[localhost].[/]-Initializing Spring DispatcherServlet 'dispatcherServlet'
2026-06-23 21:44:37.374 [RMI TCP Connection(2)-192.168.124.50] INFO  org.springframework.web.servlet.DispatcherServlet-Initializing Servlet 'dispatcherServlet'
2026-06-23 21:44:37.376 [RMI TCP Connection(2)-192.168.124.50] INFO  org.springframework.web.servlet.DispatcherServlet-Completed initialization in 2 ms
2026-06-23 21:44:37.376 [RMI TCP Connection(3)-192.168.124.50] INFO  com.zaxxer.hikari.HikariDataSource-SPHHikariPool - Starting...
2026-06-23 21:44:37.499 [RMI TCP Connection(3)-192.168.124.50] INFO  com.zaxxer.hikari.pool.HikariPool-SPHHikariPool - Added connection com.mysql.cj.jdbc.ConnectionImpl@65d25a94
2026-06-23 21:44:37.504 [RMI TCP Connection(3)-192.168.124.50] INFO  com.zaxxer.hikari.HikariDataSource-SPHHikariPool - Start completed.
2026-06-23 21:45:50.488 [http-nio-8081-exec-1] INFO  c.a.lease.web.app.service.impl.RoomInfoServiceImpl-redis缓存查询:
2026-06-23 21:45:50.505 [http-nio-8081-exec-1] INFO  c.a.lease.web.app.service.impl.RoomInfoServiceImpl-redis缓存未查询到:2
2026-06-23 21:45:50.505 [http-nio-8081-exec-1] INFO  c.a.lease.web.app.service.impl.RoomInfoServiceImpl-getDtailById:2
2026-06-23 21:45:50.595 [http-nio-8081-exec-1] INFO  c.a.lease.web.app.service.impl.RoomInfoServiceImpl-保存redis缓存:RoomDetailVo(apartmentItemVo=ApartmentItemVo(labelInfoList=[LabelInfo(type=APARTMENT, name=近地铁), LabelInfo(type=APARTMENT, name=近公交), LabelInfo(type=APARTMENT, name=有电梯), LabelInfo(type=APARTMENT, name=停车场)], graphVoList=[GraphInfo(name=公寓-外观.jpg, itemType=null, itemId=null, url=http://192.168.100.101:9000/lease/20260623/3af10c8a-7326-477a-9cf7-cec3e47e7fbc-公寓-外观.jpg)], minRent=2000.00), graphVoList=[GraphInfo(name=房间-厨房-2.jpg, itemType=null, itemId=null, url=http://192.168.100.101:9000/lease/20260622/e6797f19-2bd1-43c4-bd94-8dc92b0dc922-房间-厨房-2.jpg), GraphInfo(name=公寓-外观.jpg, itemType=null, itemId=null, url=http://192.168.100.101:9000/lease/20260623/316ae3d6-1cfd-4df4-9760-2b9596d585a7-公寓-外观.jpg), GraphInfo(name=公寓-停车位.jpg, itemType=null, itemId=null, url=http://192.168.100.101:9000/lease/20260623/8eee3520-c372-4839-a8ad-ead86cd50438-公寓-停车位.jpg)], attrValueVoList=[AttrValueVo(attrKeyName=户型), AttrValueVo(attrKeyName=面积), AttrValueVo(attrKeyName=朝向), AttrValueVo(attrKeyName=采光)], facilityInfoList=[FacilityInfo(type=ROOM, name=空调, icon=空调), FacilityInfo(type=ROOM, name=洗衣机, icon=洗衣机), FacilityInfo(type=ROOM, name=冰箱, icon=冰箱), FacilityInfo(type=ROOM, name=书桌, icon=书桌), FacilityInfo(type=ROOM, name=WIFI, icon=宽带), FacilityInfo(type=ROOM, name=床, icon=床), FacilityInfo(type=ROOM, name=沙发, icon=沙发), FacilityInfo(type=ROOM, name=热水器, icon=热水器), FacilityInfo(type=ROOM, name=微波炉, icon=微波炉), FacilityInfo(type=ROOM, name=油烟机, icon=抽油烟机), FacilityInfo(type=ROOM, name=衣柜, icon=衣柜), FacilityInfo(type=ROOM, name=电视机, icon=电视机)], labelInfoList=[LabelInfo(type=ROOM, name=独卫), LabelInfo(type=ROOM, name=阳台)], paymentTypeList=[PaymentType(name=月付, payMonthCount=1, additionalInfo=押一付一), PaymentType(name=季付, payMonthCount=3, additionalInfo=押一付三), PaymentType(name=半年付, payMonthCount=6, additionalInfo=押一付六), PaymentType(name=年付, payMonthCount=12, additionalInfo=压一付十二)], feeValueVoList=[], leaseTermList=[LeaseTerm(monthCount=1, unit=月), LeaseTerm(monthCount=3, unit=月), LeaseTerm(monthCount=6, unit=月), LeaseTerm(monthCount=12, unit=月)])
2026-06-23 21:45:50.605 [http-nio-8081-exec-1] INFO  c.a.lease.web.app.service.impl.RoomInfoServiceImpl-保存用户浏览历史
2026-06-23 21:45:50.652 [task-1] WARN  c.b.m.core.toolkit.support.ReflectLambdaMeta-Unable to make field private final java.lang.Class java.lang.invoke.SerializedLambda.capturingClass accessible: module java.base does not "opens java.lang.invoke" to unnamed module @443118b0
2026-06-23 21:46:00.612 [http-nio-8081-exec-5] INFO  c.a.lease.web.app.service.impl.RoomInfoServiceImpl-redis缓存查询:
2026-06-23 21:46:00.615 [http-nio-8081-exec-5] INFO  c.a.lease.web.app.service.impl.RoomInfoServiceImpl-redis缓存未查询到:9
2026-06-23 21:46:00.615 [http-nio-8081-exec-5] INFO  c.a.lease.web.app.service.impl.RoomInfoServiceImpl-getDtailById:9
2026-06-23 21:46:00.648 [http-nio-8081-exec-5] INFO  c.a.lease.web.app.service.impl.RoomInfoServiceImpl-保存redis缓存:RoomDetailVo(apartmentItemVo=ApartmentItemVo(labelInfoList=[LabelInfo(type=APARTMENT, name=近地铁), LabelInfo(type=APARTMENT, name=近公交), LabelInfo(type=APARTMENT, name=有电梯), LabelInfo(type=APARTMENT, name=停车场)], graphVoList=[GraphInfo(name=公寓-外观.jpg, itemType=null, itemId=null, url=http://192.168.100.101:9000/lease/20260623/3af10c8a-7326-477a-9cf7-cec3e47e7fbc-公寓-外观.jpg)], minRent=2000.00), graphVoList=[GraphInfo(name=公寓-健身房.jpg, itemType=null, itemId=null, url=http://192.168.100.101:9000/lease/20260622/ed653259-d806-461a-9108-6df08d335aff-公寓-健身房.jpg)], attrValueVoList=[AttrValueVo(attrKeyName=户型), AttrValueVo(attrKeyName=面积), AttrValueVo(attrKeyName=朝向), AttrValueVo(attrKeyName=采光), AttrValueVo(attrKeyName=卫所)], facilityInfoList=[FacilityInfo(type=ROOM, name=空调, icon=空调), FacilityInfo(type=ROOM, name=洗衣机, icon=洗衣机), FacilityInfo(type=ROOM, name=冰箱, icon=冰箱), FacilityInfo(type=ROOM, name=书桌, icon=书桌), FacilityInfo(type=ROOM, name=WIFI, icon=宽带), FacilityInfo(type=ROOM, name=床, icon=床), FacilityInfo(type=ROOM, name=沙发, icon=沙发), FacilityInfo(type=ROOM, name=微波炉, icon=微波炉), FacilityInfo(type=ROOM, name=油烟机, icon=抽油烟机), FacilityInfo(type=ROOM, name=热水器, icon=热水器), FacilityInfo(type=ROOM, name=衣柜, icon=衣柜), FacilityInfo(type=ROOM, name=电视机, icon=电视机)], labelInfoList=[LabelInfo(type=ROOM, name=朝东), LabelInfo(type=ROOM, name=独卫), LabelInfo(type=ROOM, name=阳台)], paymentTypeList=[PaymentType(name=月付, payMonthCount=1, additionalInfo=押一付一), PaymentType(name=季付, payMonthCount=3, additionalInfo=押一付三), PaymentType(name=半年付, payMonthCount=6, additionalInfo=押一付六), PaymentType(name=年付, payMonthCount=12, additionalInfo=压一付十二)], feeValueVoList=[FeeValueVo(feeKeyName=停车费), FeeValueVo(feeKeyName=网费), FeeValueVo(feeKeyName=电费), FeeValueVo(feeKeyName=水费), FeeValueVo(feeKeyName=取暖费)], leaseTermList=[LeaseTerm(monthCount=1, unit=月), LeaseTerm(monthCount=3, unit=月), LeaseTerm(monthCount=6, unit=月), LeaseTerm(monthCount=12, unit=月)])
2026-06-23 21:46:00.651 [http-nio-8081-exec-5] INFO  c.a.lease.web.app.service.impl.RoomInfoServiceImpl-保存用户浏览历史
2026-06-23 21:46:03.064 [http-nio-8081-exec-3] INFO  c.a.lease.web.app.service.impl.RoomInfoServiceImpl-redis缓存查询:
2026-06-23 21:46:03.068 [http-nio-8081-exec-3] INFO  c.a.lease.web.app.service.impl.RoomInfoServiceImpl-保存用户浏览历史
2026-06-23 21:46:38.455 [http-nio-8081-exec-4] INFO  c.a.lease.web.app.service.impl.RoomInfoServiceImpl-redis缓存查询:
2026-06-23 21:46:38.457 [http-nio-8081-exec-4] INFO  c.a.lease.web.app.service.impl.RoomInfoServiceImpl-redis缓存未查询到:10
2026-06-23 21:46:38.457 [http-nio-8081-exec-4] INFO  c.a.lease.web.app.service.impl.RoomInfoServiceImpl-getDtailById:10
2026-06-23 21:46:38.489 [http-nio-8081-exec-4] INFO  c.a.lease.web.app.service.impl.RoomInfoServiceImpl-保存redis缓存:RoomDetailVo(apartmentItemVo=ApartmentItemVo(labelInfoList=[LabelInfo(type=APARTMENT, name=近地铁), LabelInfo(type=APARTMENT, name=近公交), LabelInfo(type=APARTMENT, name=有电梯), LabelInfo(type=APARTMENT, name=停车场)], graphVoList=[GraphInfo(name=公寓-外观.jpg, itemType=null, itemId=null, url=http://192.168.100.101:9000/lease/20260623/3af10c8a-7326-477a-9cf7-cec3e47e7fbc-公寓-外观.jpg)], minRent=2000.00), graphVoList=[GraphInfo(name=房间-厨房-1.jpg, itemType=null, itemId=null, url=http://113.141.166.99:9000/lease/20230819/91b4170c-f05e-4ea2-94ff-ef6882154b07-房间-厨房-1.jpg), GraphInfo(name=房间-客厅-1.jpg, itemType=null, itemId=null, url=http://113.141.166.99:9000/lease/20230819/331e91ca-5d44-4557-9308-c3f76b6a5984-房间-客厅-1.jpg), GraphInfo(name=房间-卧室-1.jpg, itemType=null, itemId=null, url=http://113.141.166.99:9000/lease/20230819/0e3c74be-d4b6-4d7c-a944-08295ba0d607-房间-卧室-1.jpg)], attrValueVoList=[AttrValueVo(attrKeyName=户型), AttrValueVo(attrKeyName=面积), AttrValueVo(attrKeyName=朝向), AttrValueVo(attrKeyName=采光), AttrValueVo(attrKeyName=卫所)], facilityInfoList=[FacilityInfo(type=ROOM, name=空调, icon=空调), FacilityInfo(type=ROOM, name=洗衣机, icon=洗衣机), FacilityInfo(type=ROOM, name=冰箱, icon=冰箱), FacilityInfo(type=ROOM, name=书桌, icon=书桌), FacilityInfo(type=ROOM, name=WIFI, icon=宽带), FacilityInfo(type=ROOM, name=床, icon=床), FacilityInfo(type=ROOM, name=沙发, icon=沙发), FacilityInfo(type=ROOM, name=微波炉, icon=微波炉), FacilityInfo(type=ROOM, name=油烟机, icon=抽油烟机), FacilityInfo(type=ROOM, name=热水器, icon=热水器), FacilityInfo(type=ROOM, name=衣柜, icon=衣柜), FacilityInfo(type=ROOM, name=电视机, icon=电视机)], labelInfoList=[LabelInfo(type=ROOM, name=朝南), LabelInfo(type=ROOM, name=独卫), LabelInfo(type=ROOM, name=阳台)], paymentTypeList=[PaymentType(name=月付, payMonthCount=1, additionalInfo=押一付一), PaymentType(name=季付, payMonthCount=3, additionalInfo=押一付三), PaymentType(name=半年付, payMonthCount=6, additionalInfo=押一付六), PaymentType(name=年付, payMonthCount=12, additionalInfo=压一付十二)], feeValueVoList=[FeeValueVo(feeKeyName=停车费), FeeValueVo(feeKeyName=网费), FeeValueVo(feeKeyName=电费), FeeValueVo(feeKeyName=水费), FeeValueVo(feeKeyName=取暖费)], leaseTermList=[LeaseTerm(monthCount=1, unit=月), LeaseTerm(monthCount=3, unit=月), LeaseTerm(monthCount=6, unit=月), LeaseTerm(monthCount=12, unit=月)])
2026-06-23 21:46:38.493 [http-nio-8081-exec-4] INFO  c.a.lease.web.app.service.impl.RoomInfoServiceImpl-保存用户浏览历史
2026-06-23 21:51:28.549 [SpringApplicationShutdownHook] INFO  com.zaxxer.hikari.HikariDataSource-SPHHikariPool - Shutdown initiated...
2026-06-23 21:51:28.553 [SpringApplicationShutdownHook] INFO  com.zaxxer.hikari.HikariDataSource-SPHHikariPool - Shutdown completed.
